Order id,Tracking number,Carrier,Label Created Date,Delivered date,Events,Warehouse
6863550742436,1Z1009R10300019218,UPS,30-12-2021 01:52,,"Status: cancelled: Description: Voided Information Received, date: 29-12-2021 20:03",Hardway Warehouse
6863550742436,1Z1009R10300019218,UPS,30-12-2021 01:52,,"Status: cancelled: Description: Voided Information Received, date: 29-12-2021 20:03",Hardway Warehouse
6863550742436,1Z1009R10300019218,UPS,30-12-2021 01:52,,"Status: cancelled: Description: Voided Information Received, date: 29-12-2021 20:03",Hardway Warehouse
7863612840052,1Z1009R10307488039,UPS,30-12-2021 02:30,03-01-2022 19:02,"Status: delivered: Description: Delivered, date: 03-01-2022 19:02",Hardway Warehouse
7863636682868,1Z1009R10309824055,UPS,08-01-2022 00:50,,"Status: pre_transit: Description: Shipper created a label, UPS has not received the package yet., date: 07-01-2022 18:50",Hardway Warehouse
7863636682868,1Z1009R10309824055,UPS,08-01-2022 00:50,,"Status: pre_transit: Description: Shipper created a label, UPS has not received the package yet., date: 07-01-2022 18:50",Hardway Warehouse
7863600613167,1Z1009R10312185641,UPS,05-01-2022 19:48,,"Status: pre_transit: Description: Shipper created a label, UPS has not received the package yet., date: 05-01-2022 13:48",Hardway Warehouse
7863613123408,1Z1009R10325224048,UPS,29-12-2021 22:16,30-12-2021 17:39,"Status: delivered: Description: Delivered, date: 30-12-2021 17:39",Hardway Warehouse
7863613123408,1Z1009R10325224048,UPS,29-12-2021 22:16,30-12-2021 17:39,"Status: delivered: Description: Delivered, date: 30-12-2021 17:39",Hardway Warehouse
3870165052846,1Z1009R10335299093,UPS,19-01-2022 21:52,,"Status: in_transit: Description: Departed from Facility, date: 25-01-2022 16:31",Hardway Warehouse
7863612467907,1Z1009R10339280087,UPS,07-01-2022 21:59,,"Status: pre_transit: Description: Shipper created a label, UPS has not received the package yet., date: 07-01-2022 15:59",Hardway Warehouse
3870189547135,1Z906A60YW03304811,UPS,20-01-2022 03:04,,"Status: pre_transit: Description: Shipper created a label, UPS has not received the package yet., date: 19-01-2022 19:04",Hardway Warehouse
7863600923284,1Z906A60YW04106864,UPS,05-01-2022 19:51,,"Status: pre_transit: Description: Shipper created a label, UPS has not received the package yet., date: 05-01-2022 11:51",Hardway Warehouse
3870152578992,1Z906A60YW07776402,UPS,20-01-2022 03:01,,"Status: in_transit: Description: Departed from Facility, date: 25-01-2022 19:02",Hardway Warehouse
6863575163628,1Z906A60YW09277251,UPS,29-12-2021 22:00,07-01-2022 19:08,"Status: delivered: Description: Package delivered by local post office., date: 07-01-2022 19:08",Hardway Warehouse
4863516486448,1Z906A60YW10122736,UPS,28-12-2021 23:11,04-01-2022 14:59,"Status: delivered: Description: Package delivered by local post office., date: 04-01-2022 14:59",Hardway Warehouse
7863624016816,1Z906A60YW10318758,UPS,07-01-2022 21:51,22-01-2022 15:02,"Status: delivered: Description: Package delivered by local post office., date: 22-01-2022 15:02",Hardway Warehouse
6863588328421,1Z906A60YW15280351,UPS,29-12-2021 22:09,06-01-2022 18:08,"Status: delivered: Description: Package delivered by local post office., date: 06-01-2022 18:08",Hardway Warehouse
3870187907508,1Z906A60YW19875907,UPS,22-01-2022 23:45,,"Status: in_transit: Description: Processing at UPS Facility, date: 26-01-2022 09:01",Hardway Warehouse
7863623718862,1Z906A60YW21292176,UPS,08-01-2022 00:40,,"Status: pre_transit: Description: Shipper created a label, UPS has not received the package yet., date: 07-01-2022 16:40",Hardway Warehouse
7863612012639,1Z906A60YW27749010,UPS,28-12-2021 19:36,30-12-2021 18:12,"Status: delivered: Description: Package delivered by local post office., date: 30-12-2021 18:12",Hardway Warehouse
7863625117563,1Z906A60YW31422560,UPS,08-01-2022 00:37,,"Status: pre_transit: Description: Shipper created a label, UPS has not received the package yet., date: 07-01-2022 16:37",Hardway Warehouse
7863612772614,1Z906A60YW31813003,UPS,30-12-2021 02:21,04-01-2022 16:43,"Status: delivered: Description: Package delivered by local post office., date: 04-01-2022 16:43",Hardway Warehouse
6863599656067,1Z906A60YW31925884,UPS,28-12-2021 19:45,31-12-2021 18:49,"Status: delivered: Description: Package delivered by local post office., date: 31-12-2021 18:49",Hardway Warehouse
7863624212294,1Z906A60YW37893514,UPS,08-01-2022 00:34,24-01-2022 20:26,"Status: delivered: Description: Package delivered by local post office., date: 24-01-2022 20:26",Hardway Warehouse
6863573505867,288118401977,FedEx,28-12-2021 19:38,29-12-2021 20:39,"Status: delivered: Description: Delivered, date: 29-12-2021 20:39",iFulfill Warehouse
7863644292897,288348423454,FedEx,04-01-2022 20:41,05-01-2022 20:55,"Status: delivered: Description: Delivered, date: 05-01-2022 20:55",iFulfill Warehouse
7863626264254,288348724242,FedEx,04-01-2022 20:46,05-01-2022 21:16,"Status: delivered: Description: Delivered, date: 05-01-2022 21:16",iFulfill Warehouse
7863649336121,288363259806,FedEx,05-01-2022 00:20,07-01-2022 20:28,"Status: delivered: Description: Delivered, date: 07-01-2022 20:28",iFulfill Warehouse
9870040928651,288408644218,FedEx,05-01-2022 23:57,15-01-2022 05:04,"Status: delivered: Description: Delivered, date: 15-01-2022 05:04",iFulfill Warehouse
9870043245143,288410846400,FedEx,06-01-2022 00:32,11-01-2022 20:56,"Status: delivered: Description: Delivered, date: 11-01-2022 20:56",iFulfill Warehouse
8870026654555,288411685339,FedEx,06-01-2022 00:46,07-01-2022 01:29,"Status: delivered: Description: Delivered, date: 07-01-2022 01:29",iFulfill Warehouse
7863638076002,288435970630,FedEx,06-01-2022 18:42,12-01-2022 23:35,"Status: delivered: Description: Delivered, date: 12-01-2022 23:35",iFulfill Warehouse
9870030197863,288452579503,FedEx,06-01-2022 23:43,15-01-2022 03:53,"Status: delivered: Description: Delivered, date: 15-01-2022 03:53",iFulfill Warehouse
8870048951044,288452885220,FedEx,06-01-2022 23:49,16-01-2022 04:55,"Status: delivered: Description: Delivered, date: 16-01-2022 04:55",iFulfill Warehouse
8863652843240,288458943328,FedEx,07-01-2022 01:30,14-01-2022 21:17,"Status: delivered: Description: Delivered, date: 14-01-2022 21:17",iFulfill Warehouse
8870039555122,288459280499,FedEx,07-01-2022 01:37,19-01-2022 03:30,"Status: delivered: Description: Delivered, date: 19-01-2022 03:30",iFulfill Warehouse
8870037389532,288492490586,FedEx,07-01-2022 22:59,11-01-2022 23:25,"Status: delivered: Description: Delivered, date: 11-01-2022 23:25",iFulfill Warehouse
9870053395098,288569727521,FedEx,10-01-2022 22:49,15-01-2022 01:24,"Status: delivered: Description: Delivered, date: 15-01-2022 01:24",iFulfill Warehouse
9870053395098,288569727521,FedEx,10-01-2022 22:49,15-01-2022 01:24,"Status: delivered: Description: Delivered, date: 15-01-2022 01:24",iFulfill Warehouse
8870026651226,288571093350,FedEx,10-01-2022 23:06,14-01-2022 00:40,"Status: delivered: Description: Delivered, date: 14-01-2022 00:40",iFulfill Warehouse
8870026651226,288571093350,FedEx,10-01-2022 23:06,14-01-2022 00:40,"Status: delivered: Description: Delivered, date: 14-01-2022 00:40",iFulfill Warehouse
8870026651226,288571093350,FedEx,10-01-2022 23:06,14-01-2022 00:40,"Status: delivered: Description: Delivered, date: 14-01-2022 00:40",iFulfill Warehouse
9870043254111,288605030439,FedEx,11-01-2022 18:23,17-01-2022 01:00,"Status: delivered: Description: Delivered, date: 17-01-2022 01:00",iFulfill Warehouse
8870026936053,288605392045,FedEx,11-01-2022 18:33,13-01-2022 21:57,"Status: delivered: Description: Delivered, date: 13-01-2022 21:57",iFulfill Warehouse
8863652824894,288605760772,FedEx,11-01-2022 18:42,14-01-2022 21:06,"Status: delivered: Description: Delivered, date: 14-01-2022 21:06",iFulfill Warehouse
8870039573532,288606030700,FedEx,11-01-2022 18:48,15-01-2022 03:15,"Status: delivered: Description: Delivered, date: 15-01-2022 03:15",iFulfill Warehouse
8870039573532,288606030700,FedEx,11-01-2022 18:48,15-01-2022 03:15,"Status: delivered: Description: Delivered, date: 15-01-2022 03:15",iFulfill Warehouse
8870039573532,288606030700,FedEx,11-01-2022 18:48,15-01-2022 03:15,"Status: delivered: Description: Delivered, date: 15-01-2022 03:15",iFulfill Warehouse
8870039573532,288606030700,FedEx,11-01-2022 18:48,15-01-2022 03:15,"Status: delivered: Description: Delivered, date: 15-01-2022 03:15",iFulfill Warehouse
8870039573532,288606030700,FedEx,11-01-2022 18:48,15-01-2022 03:15,"Status: delivered: Description: Delivered, date: 15-01-2022 03:15",iFulfill Warehouse
8870039573532,288606030700,FedEx,11-01-2022 18:48,15-01-2022 03:15,"Status: delivered: Description: Delivered, date: 15-01-2022 03:15",iFulfill Warehouse
9870053449612,288611465429,FedEx,11-01-2022 20:35,19-01-2022 22:41,"Status: delivered: Description: Delivered, date: 19-01-2022 22:41",iFulfill Warehouse
8870038245272,288619250020,FedEx,11-01-2022 22:37,18-01-2022 22:17,"Status: delivered: Description: Delivered, date: 18-01-2022 22:17",iFulfill Warehouse
8870038245272,288619250020,FedEx,11-01-2022 22:37,18-01-2022 22:17,"Status: delivered: Description: Delivered, date: 18-01-2022 22:17",iFulfill Warehouse
8870038245272,288619250020,FedEx,11-01-2022 22:37,18-01-2022 22:17,"Status: delivered: Description: Delivered, date: 18-01-2022 22:17",iFulfill Warehouse
8870038245272,288619250020,FedEx,11-01-2022 22:37,18-01-2022 22:17,"Status: delivered: Description: Delivered, date: 18-01-2022 22:17",iFulfill Warehouse
8870038245272,288619250020,FedEx,11-01-2022 22:37,18-01-2022 22:17,"Status: delivered: Description: Delivered, date: 18-01-2022 22:17",iFulfill Warehouse
1870081790742,288627354689,FedEx,12-01-2022 00:43,14-01-2022 23:16,"Status: delivered: Description: Delivered, date: 14-01-2022 23:16",iFulfill Warehouse
1870095449498,288695306614,FedEx,13-01-2022 18:31,20-01-2022 20:30,"Status: delivered: Description: Delivered, date: 20-01-2022 20:30",iFulfill Warehouse
1870093887552,288709813594,FedEx,13-01-2022 23:04,22-01-2022 02:40,"Status: delivered: Description: Delivered, date: 22-01-2022 02:40",iFulfill Warehouse
9870042460847,288709993079,FedEx,13-01-2022 23:07,18-01-2022 01:44,"Status: delivered: Description: Delivered, date: 18-01-2022 01:44",iFulfill Warehouse
1870107533060,288711641544,FedEx,13-01-2022 23:35,18-01-2022 22:36,"Status: delivered: Description: Delivered, date: 18-01-2022 22:36",iFulfill Warehouse
9870079516787,288711836172,FedEx,13-01-2022 23:38,16-01-2022 21:37,"Status: delivered: Description: Delivered, date: 16-01-2022 21:37",iFulfill Warehouse
9870066375172,288807676940,FedEx,17-01-2022 19:26,18-01-2022 21:58,"Status: delivered: Description: Delivered, date: 18-01-2022 21:58",iFulfill Warehouse
1870117432241,288807916313,FedEx,17-01-2022 19:31,21-01-2022 05:32,"Status: delivered: Description: Delivered, date: 21-01-2022 05:32",iFulfill Warehouse
1870117432241,288807916313,FedEx,17-01-2022 19:31,21-01-2022 05:32,"Status: delivered: Description: Delivered, date: 21-01-2022 05:32",iFulfill Warehouse
1870082116451,288868299091,FedEx,18-01-2022 23:09,,"Status: in_transit: Description: Departed FedEx location, date: 26-01-2022 14:18",iFulfill Warehouse
1870106463884,288918004863,FedEx,20-01-2022 00:00,21-01-2022 23:18,"Status: delivered: Description: Delivered, date: 21-01-2022 23:18",iFulfill Warehouse
3870176879170,289076542943,FedEx,24-01-2022 22:50,,"Status: out_for_delivery: Description: On FedEx vehicle for delivery, date: 26-01-2022 16:27",iFulfill Warehouse
8863666207717,9400111107984504150611,USPS,11-01-2022 01:28,14-01-2022 18:36,"Status: delivered: Description: January 14 1:36 pm Delivered, In/At Mailbox in LITTLE ROCK, AR, date: 14-01-2022 18:36",iFulfill Warehouse
8870028310865,9400111107984504482880,USPS,11-01-2022 01:35,15-01-2022 18:02,"Status: delivered: Description: January 15 1:02 pm Delivered, In/At Mailbox in DAVENPORT, IA, date: 15-01-2022 18:02",iFulfill Warehouse
8863652757132,9400111107984504615264,USPS,11-01-2022 01:37,13-01-2022 23:31,"Status: delivered: Description: January 13 6:31 pm Delivered, In/At Mailbox in DENVER, CO, date: 13-01-2022 23:31",iFulfill Warehouse
8863652925845,9400111107984504668352,USPS,11-01-2022 01:41,15-01-2022 17:31,"Status: delivered: Description: January 15 12:31 pm Delivered, In/At Mailbox in WAVERLY, AL, date: 15-01-2022 17:31",iFulfill Warehouse
9870041664082,9400111107984504690346,USPS,11-01-2022 01:39,13-01-2022 19:19,"Status: delivered: Description: January 13 2:19 pm Delivered, Front Door/Porch in SILVER SPRING, MD, date: 13-01-2022 19:19",iFulfill Warehouse
9870053651157,9400111107984504902715,USPS,11-01-2022 01:48,13-01-2022 20:49,"Status: delivered: Description: January 13 3:49 pm Delivered, In/At Mailbox in TUCSON, AZ, date: 13-01-2022 20:49",iFulfill Warehouse
7870029997778,9400111107984504928852,USPS,11-01-2022 01:46,13-01-2022 23:11,"Status: delivered: Description: January 13 6:11 pm Delivered, In/At Mailbox in LONG BEACH, CA, date: 13-01-2022 23:11",iFulfill Warehouse
9870068547518,9400111107984504935553,USPS,11-01-2022 01:43,14-01-2022 22:22,"Status: delivered: Description: January 14 5:22 pm Delivered, In/At Mailbox in SAINT LOUIS, MO, date: 14-01-2022 22:22",iFulfill Warehouse
8870039523856,9400111107984504948690,USPS,11-01-2022 01:44,13-01-2022 18:22,"Status: delivered: Description: January 13 1:22 pm Delivered, In/At Mailbox in WINDSOR, CT, date: 13-01-2022 18:22",iFulfill Warehouse
8870027869607,9400111107984505328606,USPS,10-01-2022 22:41,12-01-2022 15:52,"Status: delivered: Description: January 12 10:52 am Delivered, In/At Mailbox in HENDERSON, NV, date: 12-01-2022 15:52",iFulfill Warehouse
9870067398310,9400111107984506585756,USPS,11-01-2022 18:31,15-01-2022 16:07,"Status: delivered: Description: January 15 11:07 am Delivered, Front Door/Porch in MINNEAPOLIS, MN, date: 15-01-2022 16:07",iFulfill Warehouse
9870054919747,9400111107984506604112,USPS,11-01-2022 19:12,14-01-2022 21:33,"Status: delivered: Description: January 14 4:33 pm Delivered, Front Door/Porch in COLORA, MD, date: 14-01-2022 21:33",iFulfill Warehouse
8863664362349,9400111107984506612780,USPS,11-01-2022 19:06,14-01-2022 16:47,"Status: delivered: Description: January 14 11:47 am Delivered, In/At Mailbox in VINCENT, AL, date: 14-01-2022 16:47",iFulfill Warehouse
8870023937067,9400111107984506668619,USPS,11-01-2022 19:11,13-01-2022 20:41,"Status: delivered: Description: January 13 3:41 pm Delivered, In/At Mailbox in BUFFALO, NY, date: 13-01-2022 20:41",iFulfill Warehouse
9870042765929,9400111107984507020904,USPS,11-01-2022 01:52,13-01-2022 20:32,"Status: delivered: Description: January 13 3:32 pm Delivered, Front Door/Porch in WHITE RIVER JUNCTION, VT, date: 13-01-2022 20:32",iFulfill Warehouse
9870067781600,9400111107984507047727,USPS,11-01-2022 01:50,15-01-2022 17:37,"Status: delivered: Description: January 15 12:37 pm Delivered, In/At Mailbox in DELANO, MN, date: 15-01-2022 17:37",iFulfill Warehouse
9870053506914,9400111107984507813407,USPS,11-01-2022 01:55,13-01-2022 16:02,"Status: delivered: Description: January 13 11:02 am Delivered, In/At Mailbox in SAINT ALBANS, NY, date: 13-01-2022 16:02",iFulfill Warehouse
9870067270898,9400111107984507872916,USPS,11-01-2022 01:57,14-01-2022 19:46,"Status: delivered: Description: January 14 2:46 pm Delivered, In/At Mailbox in BRYAN, TX, date: 14-01-2022 19:46",iFulfill Warehouse
3870176477561,9400111107984510027990,USPS,19-01-2022 23:19,24-01-2022 15:07,"Status: delivered: Description: January 24 10:07 am Delivered, Front Door/Porch in MANORVILLE, NY, date: 24-01-2022 15:07",iFulfill Warehouse
2870187350640,9400111107984510040364,USPS,19-01-2022 23:17,22-01-2022 20:13,"Status: delivered: Description: January 22 3:13 pm Delivered, In/At Mailbox in FLORENCE, SC, date: 22-01-2022 20:13",iFulfill Warehouse
3870187671980,9400111107984510261462,USPS,19-01-2022 23:45,25-01-2022 21:18,"Status: delivered: Description: January 25 4:18 pm Delivered, In/At Mailbox in AUGUSTA, GA, date: 25-01-2022 21:18",iFulfill Warehouse
3870175924151,9400111107984510293425,USPS,19-01-2022 23:42,24-01-2022 20:43,"Status: delivered: Description: January 24 3:43 pm Delivered, In/At Mailbox in MONROE, NY, date: 24-01-2022 20:43",iFulfill Warehouse
3870165564106,9400111107984510303391,USPS,19-01-2022 23:38,24-01-2022 15:49,"Status: delivered: Description: January 24 10:49 am Delivered, In/At Mailbox in NORTH CHARLESTON, SC, date: 24-01-2022 15:49",iFulfill Warehouse
3870164807979,9400111107984510329506,USPS,19-01-2022 23:34,22-01-2022 20:45,"Status: delivered: Description: January 22 3:45 pm Delivered, In/At Mailbox in BALLSTON LAKE, NY, date: 22-01-2022 20:45",iFulfill Warehouse
3870153324624,9400111107984510364842,USPS,19-01-2022 23:36,25-01-2022 17:01,"Status: delivered: Description: January 25 12:01 pm Delivered, In/At Mailbox in KISSIMMEE, FL, date: 25-01-2022 17:01",iFulfill Warehouse
3870175575901,9400111107984510547665,USPS,19-01-2022 23:49,24-01-2022 22:44,"Status: delivered: Description: January 24 5:44 pm Delivered, Front Door/Porch in JOHNS ISLAND, SC, date: 24-01-2022 22:44",iFulfill Warehouse
2870137930054,9400111107984511066783,USPS,20-01-2022 02:38,,"Status: pre_transit: Description: January 19 9:38 pm Shipping Label Created, USPS Awaiting Item in HOMER GLEN, IL, date: 20-01-2022 02:38",Hardway Warehouse
2870137930054,9400111107984511066783,USPS,20-01-2022 02:38,,"Status: pre_transit: Description: January 19 9:38 pm Shipping Label Created, USPS Awaiting Item in HOMER GLEN, IL, date: 20-01-2022 02:38",Hardway Warehouse
4870190027062,9400111107984511311821,USPS,20-01-2022 02:56,24-01-2022 16:39,"Status: delivered: Description: January 24 11:39 am Delivered, In/At Mailbox in SARASOTA, FL, date: 24-01-2022 16:39",Hardway Warehouse
3870199948740,9400111107984511335384,USPS,20-01-2022 02:54,,"Status: out_for_delivery: Description: January 26 6:10 am Out for Delivery, Expected Delivery by 9:00pm in PINELLAS PARK, FL, date: 26-01-2022 11:10",Hardway Warehouse
3870199948740,9400111107984511335384,USPS,20-01-2022 02:54,,"Status: out_for_delivery: Description: January 26 6:10 am Out for Delivery, Expected Delivery by 9:00pm in PINELLAS PARK, FL, date: 26-01-2022 11:10",Hardway Warehouse
3870199923451,9400111107984511855127,USPS,20-01-2022 02:50,24-01-2022 19:20,"Status: delivered: Description: January 24 2:20 pm Delivered, In/At Mailbox in PITTSFIELD, IL, date: 24-01-2022 19:20",Hardway Warehouse
2870149048586,9400111107984514465521,USPS,19-01-2022 20:32,24-01-2022 17:25,"Status: delivered: Description: January 24 12:25 pm Delivered, In/At Mailbox in WHARTON, TX, date: 24-01-2022 17:25",Hardway Warehouse
2870136875641,9400111107984514618569,USPS,19-01-2022 20:35,24-01-2022 19:47,"Status: delivered: Description: January 24 2:47 pm Delivered, In/At Mailbox in ROTONDA WEST, FL, date: 24-01-2022 19:47",Hardway Warehouse
2870149210660,9400111107984514660438,USPS,19-01-2022 20:39,,"Status: in_transit: Description: January 24 In Transit, Arriving Late, date: 24-01-2022 05:00",Hardway Warehouse
3870152319989,9400111107984514698400,USPS,19-01-2022 20:37,24-01-2022 17:53,"Status: delivered: Description: January 24 12:53 pm Delivered, In/At Mailbox in COMANCHE, OK, date: 24-01-2022 17:53",Hardway Warehouse
3870177702055,9400111107984514933372,USPS,19-01-2022 20:41,23-01-2022 18:15,"Status: delivered: Description: January 23 1:15 pm Delivered, Front Door/Porch in INDIO, CA, date: 23-01-2022 18:15",Hardway Warehouse
2870137883720,9400111107984514966158,USPS,19-01-2022 20:46,21-01-2022 19:11,"Status: delivered: Description: January 21 2:11 pm Delivered, In/At Mailbox in SAINT CHARLES, MO, date: 21-01-2022 19:11",Hardway Warehouse
3870177579446,9400111107984514970834,USPS,19-01-2022 20:43,22-01-2022 15:45,"Status: delivered: Description: January 22 10:45 am Delivered, In/At Mailbox in COMFORT, TX, date: 22-01-2022 15:45",Hardway Warehouse
3870187740373,9400111107984517007926,USPS,19-01-2022 20:55,24-01-2022 17:59,"Status: delivered: Description: January 24 12:59 pm Delivered, In/At Mailbox in BATON ROUGE, LA, date: 24-01-2022 17:59",Hardway Warehouse
3870176752378,9400111107984517035936,USPS,19-01-2022 20:48,24-01-2022 16:00,"Status: delivered: Description: January 24 11:00 am Delivered, In/At Mailbox in SEDALIA, MO, date: 24-01-2022 16:00",Hardway Warehouse
3870151897088,9400111107984517063632,USPS,19-01-2022 20:53,22-01-2022 17:47,"Status: delivered: Description: January 22 12:47 pm Delivered, In/At Mailbox in MENASHA, WI, date: 22-01-2022 17:47",Hardway Warehouse
3870185786933,9400111107984517102126,USPS,19-01-2022 21:37,24-01-2022 19:33,"Status: delivered: Description: January 24 2:33 pm Delivered, In/At Mailbox in PADUCAH, KY, date: 24-01-2022 19:33",Hardway Warehouse
3870164593959,9400111107984517139139,USPS,19-01-2022 21:31,21-01-2022 14:46,"Status: delivered: Description: January 21 9:46 am Delivered, In/At Mailbox in UNION, MO, date: 21-01-2022 14:46",Hardway Warehouse
3870140519907,9400111107984517157478,USPS,19-01-2022 21:35,22-01-2022 20:57,"Status: delivered: Description: January 22 3:57 pm Delivered, In/At Mailbox in PARIS, TX, date: 22-01-2022 20:57",Hardway Warehouse
3870165099553,9400111107984517174277,USPS,19-01-2022 21:33,24-01-2022 18:01,"Status: delivered: Description: January 24 1:01 pm Delivered, In/At Mailbox in MENO, OK, date: 24-01-2022 18:01",Hardway Warehouse
3870164654695,9400111107984517245458,USPS,19-01-2022 21:12,24-01-2022 20:47,"Status: delivered: Description: January 24 3:47 pm Delivered, In/At Mailbox in SCOTTSDALE, AZ, date: 24-01-2022 20:47",Hardway Warehouse
2870138527742,9400111107984517295156,USPS,19-01-2022 21:13,24-01-2022 16:36,"Status: delivered: Description: January 24 11:36 am Delivered, In/At Mailbox in OCEANSIDE, CA, date: 24-01-2022 16:36",Hardway Warehouse
3870163932053,9400111107984517351197,USPS,19-01-2022 21:08,24-01-2022 16:48,"Status: delivered: Description: January 24 11:48 am Delivered, In/At Mailbox in DENVER, CO, date: 24-01-2022 16:48",Hardway Warehouse
3870177337953,9400111107984517505125,USPS,19-01-2022 21:24,21-01-2022 20:32,"Status: delivered: Description: January 21 3:32 pm Delivered, In/At Mailbox in EAU CLAIRE, WI, date: 21-01-2022 20:32",Hardway Warehouse
3870188886576,9400111107984517514134,USPS,19-01-2022 21:18,22-01-2022 15:31,"Status: delivered: Description: January 22 10:31 am Delivered, Parcel Locker in DULUTH, MN, date: 22-01-2022 15:31",Hardway Warehouse
3870171915213,9400111107984517798114,USPS,19-01-2022 21:28,24-01-2022 20:37,"Status: delivered: Description: January 24 3:37 pm Delivered, In/At Mailbox in SAHUARITA, AZ, date: 24-01-2022 20:37",Hardway Warehouse
3870175555644,9400111107984517852151,USPS,19-01-2022 20:59,,"Status: in_transit: Description: January 26 5:25 am Departed USPS Regional Facility in OAKLAND CA DISTRIBUTION CENTER, date: 26-01-2022 10:25",Hardway Warehouse
3870189344027,9400111107984517881557,USPS,19-01-2022 21:01,24-01-2022 21:47,"Status: delivered: Description: January 24 4:47 pm Delivered, In/At Mailbox in ARLINGTON, TX, date: 24-01-2022 21:47",Hardway Warehouse
3870187934421,9400111107984518400511,USPS,19-01-2022 22:58,22-01-2022 14:38,"Status: delivered: Description: January 22 9:38 am Delivered, Garage or Other Location at Address in PHILADELPHIA, PA, date: 22-01-2022 14:38",iFulfill Warehouse
3870164848947,9400111107984518451964,USPS,19-01-2022 22:56,22-01-2022 16:19,"Status: delivered: Description: January 22 11:19 am Delivered, In/At Mailbox in SYRACUSE, NY, date: 22-01-2022 16:19",iFulfill Warehouse
3870164719559,9400111107984518612976,USPS,19-01-2022 23:00,22-01-2022 20:13,"Status: delivered: Description: January 22 3:13 pm Delivered, In/At Mailbox in SOUTH WEYMOUTH, MA, date: 22-01-2022 20:13",iFulfill Warehouse
2870137637882,9400111107984518655638,USPS,19-01-2022 23:04,22-01-2022 20:08,"Status: delivered: Description: January 22 3:08 pm Delivered, In/At Mailbox in FLUSHING, NY, date: 22-01-2022 20:08",iFulfill Warehouse
3870175587057,9400111107984518699588,USPS,19-01-2022 23:02,25-01-2022 17:01,"Status: delivered: Description: January 25 12:01 pm Delivered, In/At Mailbox in KISSIMMEE, FL, date: 25-01-2022 17:01",iFulfill Warehouse
3870165449260,9400111107984518930193,USPS,19-01-2022 23:08,24-01-2022 18:10,"Status: delivered: Description: January 24 1:10 pm Delivered, In/At Mailbox in WEST NEW YORK, NJ, date: 24-01-2022 18:10",iFulfill Warehouse
7863624749281,9400111107984520712572,USPS,08-01-2022 00:32,21-01-2022 23:20,"Status: delivered: Description: January 21 6:20 pm Delivered, In/At Mailbox in ALLEN, TX, date: 21-01-2022 23:20",Hardway Warehouse
7863600455105,9400111107984520724407,USPS,08-01-2022 00:35,18-01-2022 15:46,"Status: delivered: Description: January 18 10:46 am Delivered, In/At Mailbox in DEWEESE, NE, date: 18-01-2022 15:46",Hardway Warehouse
7863620306194,9400111107984520754893,USPS,08-01-2022 00:36,18-01-2022 22:14,"Status: delivered: Description: January 18 5:14 pm Delivered, In/At Mailbox in TALLAHASSEE, FL, date: 18-01-2022 22:14",Hardway Warehouse
8870039523777,9400111107984526057455,USPS,08-01-2022 01:26,13-01-2022 16:56,"Status: delivered: Description: January 13 11:56 am Delivered, Front Door/Porch in LAKELAND, FL, date: 13-01-2022 16:56",iFulfill Warehouse
8863652715877,9400111107984526071291,USPS,08-01-2022 01:23,12-01-2022 22:10,"Status: delivered: Description: January 12 5:10 pm Delivered, In/At Mailbox in SACRAMENTO, CA, date: 12-01-2022 22:10",iFulfill Warehouse
8870039899010,9400111107984527130836,USPS,07-01-2022 21:55,12-01-2022 18:12,"Status: delivered: Description: January 12 1:12 pm Delivered, In/At Mailbox in PALO ALTO, CA, date: 12-01-2022 18:12",iFulfill Warehouse
7863635496805,9400111107984527146110,USPS,07-01-2022 21:57,19-01-2022 16:42,"Status: delivered: Description: January 19 11:42 am Delivered, In/At Mailbox in PROTEM, MO, date: 19-01-2022 16:42",Hardway Warehouse
8870028246776,9400111107984527180565,USPS,07-01-2022 22:01,13-01-2022 16:44,"Status: delivered: Description: January 13 11:44 am Delivered, In/At Mailbox in MOORESVILLE, NC, date: 13-01-2022 16:44",iFulfill Warehouse
9870042151097,9400111107984527434262,USPS,07-01-2022 22:02,12-01-2022 17:03,"Status: delivered: Description: January 12 12:03 pm Delivered, In/At Mailbox in WEST CHICAGO, IL, date: 12-01-2022 17:03",iFulfill Warehouse
7863611606187,9400111107984527562637,USPS,07-01-2022 21:45,18-01-2022 21:19,"Status: delivered: Description: January 18 4:19 pm Delivered, In/At Mailbox in HOUSTON, TX, date: 18-01-2022 21:19",Hardway Warehouse
7863635724500,9400111107984527735550,USPS,07-01-2022 21:48,18-01-2022 21:37,"Status: delivered: Description: January 18 4:37 pm Delivered, In/At Mailbox in KINGSTON, GA, date: 18-01-2022 21:37",Hardway Warehouse
8863664386784,9400111107984527749397,USPS,07-01-2022 21:49,12-01-2022 19:53,"Status: delivered: Description: January 12 2:53 pm Delivered, In/At Mailbox in CHICAGO, IL, date: 12-01-2022 19:53",iFulfill Warehouse
9870030598316,9400111107984528219332,USPS,07-01-2022 22:47,12-01-2022 20:44,"Status: delivered: Description: January 12 3:44 pm Delivered, In/At Mailbox in BEDFORD, TX, date: 12-01-2022 20:44",iFulfill Warehouse
8870026492924,9400111107984528247892,USPS,07-01-2022 22:48,12-01-2022 19:07,"Status: delivered: Description: January 12 2:07 pm Delivered, In/At Mailbox in LONGVIEW, TX, date: 12-01-2022 19:07",iFulfill Warehouse
9870053696149,9400111107984528857794,USPS,07-01-2022 22:37,12-01-2022 14:35,"Status: delivered: Description: January 12 9:35 am Delivered, In/At Mailbox in CORFU, NY, date: 12-01-2022 14:35",iFulfill Warehouse
3870176158630,9400111107984533003605,USPS,21-01-2022 20:51,,"Status: out_for_delivery: Description: January 26 6:10 am Out for Delivery, Expected Delivery by 9:00pm in CARLSBAD, NM, date: 26-01-2022 11:10",Hardway Warehouse
3870188663261,9400111107984533029889,USPS,21-01-2022 20:48,25-01-2022 00:39,"Status: delivered: Description: January 24 7:39 pm Delivered, In/At Mailbox in URBANA, IL, date: 25-01-2022 00:39",Hardway Warehouse
3870187419995,9400111107984533214728,USPS,21-01-2022 21:08,,"Status: in_transit: Description: January 26 1:27 am Arrived at USPS Regional Destination Facility in BAKERSFIELD CA DISTRIBUTION CENTER, date: 26-01-2022 06:27",Hardway Warehouse
3870176953643,9400111107984533290272,USPS,21-01-2022 21:11,24-01-2022 20:39,"Status: delivered: Description: January 24 3:39 pm Delivered, In/At Mailbox in COLORADO SPRINGS, CO, date: 24-01-2022 20:39",Hardway Warehouse
3870176953643,9400111107984533290272,USPS,21-01-2022 21:11,24-01-2022 20:39,"Status: delivered: Description: January 24 3:39 pm Delivered, In/At Mailbox in COLORADO SPRINGS, CO, date: 24-01-2022 20:39",Hardway Warehouse
3870189091621,9400111107984533367875,USPS,21-01-2022 21:05,,"Status: in_transit: Description: January 25 3:33 pm Arrived at USPS Regional Origin Facility in CHICAGO IL NETWORK DISTRIBUTION CENTER, date: 25-01-2022 20:33",Hardway Warehouse
4870191266161,9400111107984533375122,USPS,21-01-2022 21:01,,"Status: in_transit: Description: January 26 3:38 am Arrived at USPS Regional Facility in ATLANTA GA NETWORK DISTRIBUTION CENTER, date: 26-01-2022 08:38",Hardway Warehouse
3870176673295,9400111107984533776936,USPS,21-01-2022 21:26,25-01-2022 16:58,"Status: delivered: Description: January 25 11:58 am Delivered, In/At Mailbox in GAINESVILLE, FL, date: 25-01-2022 16:58",Hardway Warehouse
3870187708670,9400111107984534031218,USPS,20-01-2022 22:32,22-01-2022 19:12,"Status: delivered: Description: January 22 2:12 pm Delivered, Front Door/Porch in WILTON, CT, date: 22-01-2022 19:12",iFulfill Warehouse
3870188855826,9400111107984534824452,USPS,20-01-2022 22:42,24-01-2022 18:05,"Status: delivered: Description: January 24 1:05 pm Delivered, Parcel Locker in RALEIGH, NC, date: 24-01-2022 18:05",iFulfill Warehouse
4870191507539,9400111107984536189153,USPS,21-01-2022 18:53,24-01-2022 19:00,"Status: delivered: Description: January 24 2:00 pm Delivered, In/At Mailbox in PORTSMOUTH, VA, date: 24-01-2022 19:00",iFulfill Warehouse
4870190789747,9400111107984536792858,USPS,21-01-2022 18:39,24-01-2022 20:52,"Status: delivered: Description: January 24 3:52 pm Delivered, In/At Mailbox in KING GEORGE, VA, date: 24-01-2022 20:52",iFulfill Warehouse
4870191207132,9400111107984539959470,USPS,20-01-2022 22:28,24-01-2022 23:11,"Status: delivered: Description: January 24 6:11 pm Delivered, Front Door/Porch in POMPANO BEACH, FL, date: 24-01-2022 23:11",iFulfill Warehouse
1870082883989,9400111107984548542502,USPS,17-01-2022 21:58,21-01-2022 16:56,"Status: delivered: Description: January 21 11:56 am Delivered, In/At Mailbox in MARION, IN, date: 21-01-2022 16:56",iFulfill Warehouse
3870140541657,9400111107984548553249,USPS,17-01-2022 21:59,20-01-2022 22:37,"Status: delivered: Description: January 20 5:37 pm Delivered, In/At Mailbox in MARTINSBURG, WV, date: 20-01-2022 22:37",iFulfill Warehouse
2870122248168,9400111107984549051195,USPS,17-01-2022 19:00,21-01-2022 18:50,"Status: delivered: Description: January 21 1:50 pm Delivered, Front Door/Porch in EAST ORANGE, NJ, date: 21-01-2022 18:50",iFulfill Warehouse
2870110812164,9400111107984549072510,USPS,17-01-2022 18:57,24-01-2022 15:33,"Status: delivered: Description: January 24 10:33 am Delivered, In/At Mailbox in HOVEN, SD, date: 24-01-2022 15:33",iFulfill Warehouse
1870083155409,9400111107984549252295,USPS,17-01-2022 19:19,21-01-2022 19:37,"Status: delivered: Description: January 21 2:37 pm Delivered, In/At Mailbox in SKANEATELES, NY, date: 21-01-2022 19:37",iFulfill Warehouse
1870070802726,9400111107984549275218,USPS,17-01-2022 19:17,22-01-2022 16:04,"Status: delivered: Description: January 22 11:04 am Delivered, In/At Mailbox in KING CITY, CA, date: 22-01-2022 16:04",iFulfill Warehouse
1870102813362,9400111107984549300330,USPS,17-01-2022 19:14,24-01-2022 15:03,"Status: delivered: Description: January 24 10:03 am Delivered, Individual Picked Up at Post Office in JENNINGS, KS, date: 24-01-2022 15:03",iFulfill Warehouse
1870119112951,9400111107984549336872,USPS,17-01-2022 19:09,21-01-2022 19:00,"Status: delivered: Description: January 21 2:00 pm Delivered, In/At Mailbox in BROOKLYN, NY, date: 21-01-2022 19:00",iFulfill Warehouse
9870068651640,9400111107984549396005,USPS,17-01-2022 19:12,22-01-2022 15:19,"Status: delivered: Description: January 22 10:19 am Delivered, Front Door/Porch in SHAWNEE, OK, date: 22-01-2022 15:19",iFulfill Warehouse
9870055463065,9400111107984549871786,USPS,17-01-2022 19:05,21-01-2022 17:16,"Status: delivered: Description: January 21 12:16 pm Delivered, In/At Mailbox in SHERRILL, NY, date: 21-01-2022 17:16",iFulfill Warehouse
9870068690269,9400111107984565462326,USPS,11-01-2022 22:45,15-01-2022 17:10,"Status: delivered: Description: January 15 12:10 pm Delivered, In/At Mailbox in COLVILLE, WA, date: 15-01-2022 17:10",iFulfill Warehouse
8863665511281,9400111107984569112487,USPS,12-01-2022 01:12,18-01-2022 17:17,"Status: delivered: Description: January 18 12:17 pm Delivered, In/At Mailbox in FLORISSANT, MO, date: 18-01-2022 17:17",iFulfill Warehouse
9870053902047,9400111107984569187591,USPS,12-01-2022 01:19,16-01-2022 00:08,"Status: delivered: Description: January 15 7:08 pm Delivered, In/At Mailbox in NORRISTOWN, PA, date: 16-01-2022 00:08",iFulfill Warehouse
1870083562907,9400111107984569212712,USPS,12-01-2022 00:48,15-01-2022 19:05,"Status: delivered: Description: January 15 2:05 pm Delivered, In/At Mailbox in BUCKEYE, AZ, date: 15-01-2022 19:05",iFulfill Warehouse
9870066193493,9400111107984569294770,USPS,12-01-2022 00:50,17-01-2022 22:27,"Status: delivered: Description: January 17 5:27 pm Delivered, In/At Mailbox in PALATKA, FL, date: 17-01-2022 22:27",iFulfill Warehouse
9870042266988,9400111107984569389636,USPS,12-01-2022 00:45,18-01-2022 20:40,"Status: delivered: Description: January 18 3:40 pm Delivered, In/At Mailbox in THOMASVILLE, GA, date: 18-01-2022 20:40",iFulfill Warehouse
1870083200567,9400111107984569788644,USPS,12-01-2022 01:10,15-01-2022 20:18,"Status: delivered: Description: January 15 3:18 pm Delivered, In/At Mailbox in LOUISVILLE, KY, date: 15-01-2022 20:18",iFulfill Warehouse
1870082919946,9400111107984569854899,USPS,12-01-2022 00:36,15-01-2022 17:16,"Status: delivered: Description: January 15 12:16 pm Delivered, In/At Mailbox in VIENNA, WV, date: 15-01-2022 17:16",iFulfill Warehouse
2870110295092,9400111107984571046374,USPS,18-01-2022 23:55,22-01-2022 17:12,"Status: delivered: Description: January 22 12:12 pm Delivered, In/At Mailbox in LAKE CHARLES, LA, date: 22-01-2022 17:12",iFulfill Warehouse
9870079371016,9400111107984576498765,USPS,18-01-2022 23:35,20-01-2022 19:21,"Status: delivered: Description: January 20 2:21 pm Delivered, In/At Mailbox in CROSSVILLE, TN, date: 20-01-2022 19:21",iFulfill Warehouse
2870135692603,9400111107984576641253,USPS,18-01-2022 23:41,20-01-2022 17:15,"Status: delivered: Description: January 20 12:15 pm Delivered, Left with Individual in BELL GARDENS, CA, date: 20-01-2022 17:15",iFulfill Warehouse
3870164815219,9400111107984576668946,USPS,18-01-2022 23:44,20-01-2022 18:19,"Status: delivered: Description: January 20 1:19 pm Delivered, Left with Individual in SPRINGFIELD, MA, date: 20-01-2022 18:19",iFulfill Warehouse
3870164815219,9400111107984576668946,USPS,18-01-2022 23:44,20-01-2022 18:19,"Status: delivered: Description: January 20 1:19 pm Delivered, Left with Individual in SPRINGFIELD, MA, date: 20-01-2022 18:19",iFulfill Warehouse
2870110312288,9400111107984576902262,USPS,18-01-2022 23:52,20-01-2022 19:40,"Status: delivered: Description: January 20 2:40 pm Delivered, In/At Mailbox in MCKINNEY, TX, date: 20-01-2022 19:40",iFulfill Warehouse
1870106494820,9400111107984576979998,USPS,18-01-2022 23:48,20-01-2022 16:08,"Status: delivered: Description: January 20 11:08 am Delivered, Front Door/Porch in HARRIMAN, TN, date: 20-01-2022 16:08",iFulfill Warehouse
1870104147592,9400111107984580406596,USPS,13-01-2022 23:15,19-01-2022 17:35,"Status: delivered: Description: January 19 12:35 pm Delivered, In/At Mailbox in HOUSTON, TX, date: 19-01-2022 17:35",iFulfill Warehouse
1870107439664,9400111107984580466385,USPS,13-01-2022 23:13,20-01-2022 16:42,"Status: delivered: Description: January 20 11:42 am Delivered, In/At Mailbox in ORAN, MO, date: 20-01-2022 16:42",iFulfill Warehouse
2870124060948,9400111107984580605807,USPS,13-01-2022 23:24,18-01-2022 17:17,"Status: delivered: Description: January 18 12:17 pm Delivered, In/At Mailbox in HATTIESBURG, MS, date: 18-01-2022 17:17",iFulfill Warehouse
2870110837784,9400111107984580669489,USPS,13-01-2022 23:22,18-01-2022 17:56,"Status: delivered: Description: January 18 12:56 pm Delivered, In/At Mailbox in CANTON, OK, date: 18-01-2022 17:56",iFulfill Warehouse
2870110853596,9400111107984580912042,USPS,13-01-2022 23:25,18-01-2022 22:48,"Status: delivered: Description: January 18 5:48 pm Delivered, In/At Mailbox in BLOOMINGTON, IN, date: 18-01-2022 22:48",iFulfill Warehouse
9870067297739,9400111107984584209810,USPS,13-01-2022 18:27,20-01-2022 13:50,"Status: delivered: Description: January 20 8:50 am Delivered, Front Door/Porch in FORT SCOTT, KS, date: 20-01-2022 13:50",iFulfill Warehouse
1870095683646,9400111107984584218683,USPS,13-01-2022 18:15,20-01-2022 16:21,"Status: delivered: Description: January 20 11:21 am Delivered, In/At Mailbox in SPRINGFIELD, MO, date: 20-01-2022 16:21",iFulfill Warehouse
9870054841271,9400111107984584234614,USPS,13-01-2022 18:13,19-01-2022 21:41,"Status: delivered: Description: January 19 4:41 pm Delivered, In/At Mailbox in TALLAHASSEE, FL, date: 19-01-2022 21:41",iFulfill Warehouse
1870094400253,9400111107984584244248,USPS,13-01-2022 18:17,,"Status: available_for_pickup: Description: January 20 8:53 am Held at Post Office, At Customer Request in KANSAS CITY, MO, date: 20-01-2022 13:53",iFulfill Warehouse
9870087226692,9400111107984584308575,USPS,13-01-2022 18:12,18-01-2022 20:39,"Status: delivered: Description: January 18 3:39 pm Delivered, Front Desk/Reception/Mail Room in NEW YORK, NY, date: 18-01-2022 20:39",iFulfill Warehouse
1870094199688,9400111107984584328016,USPS,13-01-2022 18:03,18-01-2022 20:28,"Status: delivered: Description: January 18 3:28 pm Delivered, In/At Mailbox in LAS VEGAS, NV, date: 18-01-2022 20:28",iFulfill Warehouse
1870083171782,9400111107984584360849,USPS,13-01-2022 18:08,18-01-2022 19:42,"Status: delivered: Description: January 18 2:42 pm Delivered, In/At Mailbox in WINTER GARDEN, FL, date: 18-01-2022 19:42",iFulfill Warehouse
9870065825962,9400111107984584388782,USPS,13-01-2022 18:10,18-01-2022 16:08,"Status: delivered: Description: January 18 11:08 am Delivered, In/At Mailbox in EAST GRAND FORKS, MN, date: 18-01-2022 16:08",iFulfill Warehouse
9870065773720,9400111107984584398606,USPS,13-01-2022 18:02,18-01-2022 22:04,"Status: delivered: Description: January 18 5:04 pm Delivered, In/At Mailbox in EVANSTON, IL, date: 18-01-2022 22:04",iFulfill Warehouse
1870118958006,9400111107984584732875,USPS,13-01-2022 18:41,20-01-2022 16:10,"Status: delivered: Description: January 20 11:10 am Delivered, Front Desk/Reception/Mail Room in AUSTIN, TX, date: 20-01-2022 16:10",iFulfill Warehouse
7863612156752,9400111107984597540931,USPS,10-01-2022 18:35,14-01-2022 19:05,"Status: delivered: Description: January 14 2:05 pm Delivered, Front Desk/Reception/Mail Room in NEW YORK, NY, date: 14-01-2022 19:05",iFulfill Warehouse
8863666007585,9400111107984597582696,USPS,10-01-2022 18:39,11-01-2022 21:30,"Status: delivered: Description: January 11 4:30 pm Delivered, In/At Mailbox in OAKTON, VA, date: 11-01-2022 21:30",iFulfill Warehouse
5863558241621,9400111107984804471539,USPS,27-12-2021 21:11,31-12-2021 16:44,"Status: delivered: Description: December 31 11:44 am Delivered, In/At Mailbox in MIDDLETOWN, DE, date: 31-12-2021 16:44",iFulfill Warehouse
7863637606682,9400111107984811617135,USPS,05-01-2022 22:03,10-01-2022 20:11,"Status: delivered: Description: January 10 3:11 pm Delivered, In/At Mailbox in NAPLES, FL, date: 10-01-2022 20:11",iFulfill Warehouse
8870039926879,9400111107984811730940,USPS,05-01-2022 21:44,12-01-2022 20:35,"Status: delivered: Description: January 12 3:35 pm Delivered, In/At Mailbox in HOUSTON, TX, date: 12-01-2022 20:35",iFulfill Warehouse
7863636515572,9400111107984811950638,USPS,05-01-2022 22:13,10-01-2022 21:23,"Status: delivered: Description: January 10 4:23 pm Delivered, Front Desk/Reception/Mail Room in JACKSONVILLE, FL, date: 10-01-2022 21:23",iFulfill Warehouse
8863664891262,9400111107984812480868,USPS,05-01-2022 00:07,08-01-2022 16:35,"Status: delivered: Description: January 8 11:35 am Delivered, In/At Mailbox in NEELYVILLE, MO, date: 08-01-2022 16:35",iFulfill Warehouse
9870042561268,9400111107984813034176,USPS,05-01-2022 22:15,10-01-2022 17:03,"Status: delivered: Description: January 10 12:03 pm Delivered, In/At Mailbox in GAINESVILLE, GA, date: 10-01-2022 17:03",iFulfill Warehouse
8863640700282,9400111107984816169660,USPS,05-01-2022 20:50,10-01-2022 17:30,"Status: delivered: Description: January 10 12:30 pm Delivered, Front Door/Porch in GREENSBURG, IN, date: 10-01-2022 17:30",iFulfill Warehouse
7863649883253,9400111107984830209823,USPS,06-01-2022 21:20,10-01-2022 21:23,"Status: delivered: Description: January 10 4:23 pm Delivered, In/At Mailbox in GREER, SC, date: 10-01-2022 21:23",iFulfill Warehouse
8863641048356,9400111107984830510738,USPS,06-01-2022 21:21,11-01-2022 19:20,"Status: delivered: Description: January 11 2:20 pm Delivered, In/At Mailbox in SAN ANTONIO, TX, date: 11-01-2022 19:20",iFulfill Warehouse
8863653471201,9400111107984831337396,USPS,06-01-2022 23:32,10-01-2022 18:54,"Status: delivered: Description: January 10 1:54 pm Delivered, In/At Mailbox in HOBOKEN, NJ, date: 10-01-2022 18:54",iFulfill Warehouse
8870059817059,9400111107984831370287,USPS,06-01-2022 23:35,10-01-2022 19:45,"Status: delivered: Description: January 10 2:45 pm Delivered, In/At Mailbox in SAN DIEGO, CA, date: 10-01-2022 19:45",iFulfill Warehouse
8870038209732,9400111107984831511628,USPS,06-01-2022 23:51,10-01-2022 19:06,"Status: delivered: Description: January 10 2:06 pm Delivered, In/At Mailbox in PEORIA, AZ, date: 10-01-2022 19:06",iFulfill Warehouse
8870026387725,9400111107984831817843,USPS,06-01-2022 23:26,10-01-2022 18:43,"Status: delivered: Description: January 10 1:43 pm Delivered, Front Door/Porch in JERSEY CITY, NJ, date: 10-01-2022 18:43",iFulfill Warehouse
8870038880877,9400111107984831888485,USPS,06-01-2022 23:31,10-01-2022 19:20,"Status: delivered: Description: January 10 2:20 pm Delivered, In/At Mailbox in GRAHAM, TX, date: 10-01-2022 19:20",iFulfill Warehouse
8863666206193,9400111107984831899184,USPS,06-01-2022 23:28,12-01-2022 17:05,"Status: delivered: Description: January 12 12:05 pm Delivered, In/At Mailbox in WARREN, ME, date: 12-01-2022 17:05",iFulfill Warehouse
8870026858970,9400111107984833125700,USPS,07-01-2022 01:45,12-01-2022 18:18,"Status: delivered: Description: January 12 1:18 pm Delivered, In/At Mailbox in LAKE MARY, FL, date: 12-01-2022 18:18",iFulfill Warehouse
9870041296805,9400111107984833165874,USPS,07-01-2022 01:47,10-01-2022 16:17,"Status: delivered: Description: January 10 11:17 am Delivered, In/At Mailbox in HOOKERTON, NC, date: 10-01-2022 16:17",iFulfill Warehouse
8870039373652,9400111107984833227367,USPS,07-01-2022 01:14,12-01-2022 17:01,"Status: delivered: Description: January 12 12:01 pm Delivered, In/At Mailbox in MORRISTOWN, TN, date: 12-01-2022 17:01",iFulfill Warehouse
8870039835275,9400111107984833504918,USPS,07-01-2022 01:27,11-01-2022 19:27,"Status: delivered: Description: January 11 2:27 pm Delivered, In/At Mailbox in BATESVILLE, AR, date: 11-01-2022 19:27",iFulfill Warehouse
8863652482530,9400111107984833545713,USPS,07-01-2022 01:21,14-01-2022 15:16,"Status: delivered: Description: January 14 10:16 am Delivered, Individual Picked Up at Post Office in SOULSBYVILLE, CA, date: 14-01-2022 15:16",iFulfill Warehouse
9870040908958,9400111107984835102785,USPS,06-01-2022 00:21,,"Status: return_to_sender: Description: January 18 10:23 am Delivered, To Original Sender in MANSFIELD, PA, date: 18-01-2022 15:23",iFulfill Warehouse
8863640980833,9400111107984835131587,USPS,06-01-2022 00:14,08-01-2022 17:43,"Status: delivered: Description: January 8 12:43 pm Delivered, In/At Mailbox in EASLEY, SC, date: 08-01-2022 17:43",iFulfill Warehouse
8863652793842,9400111107984835227150,USPS,05-01-2022 23:54,10-01-2022 17:44,"Status: delivered: Description: January 10 12:44 pm Delivered, Front Door/Porch in LEAWOOD, KS, date: 10-01-2022 17:44",iFulfill Warehouse
8863663622096,9400111107984835449255,USPS,06-01-2022 00:23,10-01-2022 16:59,"Status: delivered: Description: January 10 11:59 am Delivered, Front Door/Porch in HAMPTON, NH, date: 10-01-2022 16:59",iFulfill Warehouse
8863653022955,9400111107984835553013,USPS,06-01-2022 00:02,10-01-2022 16:09,"Status: delivered: Description: January 10 11:09 am Delivered, Individual Picked Up at Post Office in RANSON, WV, date: 10-01-2022 16:09",iFulfill Warehouse
8863652650444,9400111107984835587520,USPS,06-01-2022 00:04,13-01-2022 18:02,"Status: delivered: Description: January 13 1:02 pm Delivered, In/At Mailbox in MISSOURI CITY, TX, date: 13-01-2022 18:02",iFulfill Warehouse
7863600577620,9400111107984835689200,USPS,06-01-2022 00:36,08-01-2022 20:09,"Status: delivered: Description: January 8 3:09 pm Delivered, In/At Mailbox in SEWICKLEY, PA, date: 08-01-2022 20:09",iFulfill Warehouse
8863652132996,9400111107984835751242,USPS,06-01-2022 00:10,11-01-2022 15:49,"Status: delivered: Description: January 11 10:49 am Delivered, Left with Individual in MONTGOMERY, AL, date: 11-01-2022 15:49",iFulfill Warehouse
9870041312839,9400111107984835794447,USPS,06-01-2022 00:08,10-01-2022 20:08,"Status: delivered: Description: January 10 3:08 pm Delivered, In/At Mailbox in PACIFIC PALISADES, CA, date: 10-01-2022 20:08",iFulfill Warehouse
9870042353013,9400111107984835995219,USPS,06-01-2022 00:41,10-01-2022 15:50,"Status: delivered: Description: January 10 10:50 am Delivered, In/At Mailbox in REPUBLIC, MO, date: 10-01-2022 15:50",iFulfill Warehouse
9870054028060,9400111107984836106454,USPS,06-01-2022 22:52,10-01-2022 20:10,"Status: delivered: Description: January 10 3:10 pm Delivered, In/At Mailbox in ELK GROVE, CA, date: 10-01-2022 20:10",iFulfill Warehouse
8870027791721,9400111107984836128791,USPS,06-01-2022 22:50,11-01-2022 16:34,"Status: delivered: Description: January 11 11:34 am Delivered, In/At Mailbox in NEW HAVEN, CT, date: 11-01-2022 16:34",iFulfill Warehouse
8863653269625,9400111107984836136857,USPS,06-01-2022 22:46,10-01-2022 20:42,"Status: delivered: Description: January 10 3:42 pm Delivered, In/At Mailbox in SIMPSONVILLE, SC, date: 10-01-2022 20:42",iFulfill Warehouse
9870053621675,9400111107984836445034,USPS,06-01-2022 22:54,11-01-2022 22:25,"Status: delivered: Description: January 11 5:25 pm Delivered, In/At Mailbox in OVERLAND PARK, KS, date: 11-01-2022 22:25",iFulfill Warehouse
8870039984463,9400111107984836467685,USPS,06-01-2022 22:59,08-01-2022 16:16,"Status: delivered: Description: January 8 11:16 am Delivered, In/At Mailbox in HAGERSTOWN, MD, date: 08-01-2022 16:16",iFulfill Warehouse
9870030299666,9400111107984836498825,USPS,06-01-2022 22:56,10-01-2022 18:12,"Status: delivered: Description: January 10 1:12 pm Delivered, In/At Mailbox in BALTIMORE, MD, date: 10-01-2022 18:12",iFulfill Warehouse
8863653754429,9400111107984836631451,USPS,06-01-2022 23:01,10-01-2022 18:22,"Status: delivered: Description: January 10 1:22 pm Delivered, Front Door/Porch in CHANDLER, AZ, date: 10-01-2022 18:22",iFulfill Warehouse
8863665729939,9400111107984836662851,USPS,06-01-2022 23:07,10-01-2022 16:58,"Status: delivered: Description: January 10 11:58 am Delivered, In/At Mailbox in HEMPSTEAD, TX, date: 10-01-2022 16:58",iFulfill Warehouse
8863653648402,9400111107984836678746,USPS,06-01-2022 23:03,18-01-2022 15:23,"Status: delivered: Description: January 18 10:23 am Delivered, Front Desk/Reception/Mail Room in MANSFIELD, PA, date: 18-01-2022 15:23",iFulfill Warehouse
8863661193190,9400111107984836992415,USPS,06-01-2022 23:12,10-01-2022 15:32,"Status: delivered: Description: January 10 10:32 am Delivered, In/At Mailbox in SEARCY, AR, date: 10-01-2022 15:32",iFulfill Warehouse
8870039598290,9400111107984838455000,USPS,06-01-2022 20:36,11-01-2022 19:27,"Status: delivered: Description: January 11 2:27 pm Delivered, Front Door/Porch in MONROE, GA, date: 11-01-2022 19:27",iFulfill Warehouse
9870042599162,9400111107984838479532,USPS,06-01-2022 20:34,10-01-2022 17:21,"Status: delivered: Description: January 10 12:21 pm Delivered, In/At Mailbox in WEST SACRAMENTO, CA, date: 10-01-2022 17:21",iFulfill Warehouse
7863636632657,9400111107984852921345,USPS,30-12-2021 23:57,06-01-2022 21:52,"Status: delivered: Description: January 6 4:52 pm Delivered, Front Door/Porch in MCKEESPORT, PA, date: 06-01-2022 21:52",iFulfill Warehouse
7863600080603,9400111107984860227941,USPS,28-12-2021 23:04,31-12-2021 16:46,"Status: delivered: Description: December 31 11:46 am Delivered, In/At Mailbox in MYRTLE BEACH, SC, date: 31-12-2021 16:46",iFulfill Warehouse
7863611235146,9400111107984860536722,USPS,28-12-2021 23:08,03-01-2022 16:44,"Status: delivered: Description: January 3 11:44 am Delivered, In/At Mailbox in PORT SAINT LUCIE, FL, date: 03-01-2022 16:44",iFulfill Warehouse
6863563128835,9400111107984864355800,USPS,28-12-2021 19:38,03-01-2022 23:01,"Status: delivered: Description: January 3 6:01 pm Delivered to Agent for Final Delivery in CHINO, CA, date: 03-01-2022 23:01",Hardway Warehouse
6863587902991,9400111107984864531310,USPS,28-12-2021 19:47,31-12-2021 17:18,"Status: delivered: Description: December 31 12:18 pm Delivered, In/At Mailbox in VICTOR, NY, date: 31-12-2021 17:18",iFulfill Warehouse
5863546238129,9400111107984869468147,USPS,28-12-2021 19:05,06-01-2022 15:52,"Status: delivered: Description: January 6 10:52 am Delivered, In/At Mailbox in KINGSPORT, TN, date: 06-01-2022 15:52",Hardway Warehouse
6863588770185,9400111107984869648112,USPS,28-12-2021 19:09,03-01-2022 21:15,"Status: delivered: Description: January 3 4:15 pm Delivered, In/At Mailbox in MUSKEGON, MI, date: 03-01-2022 21:15",Hardway Warehouse
8863651205816,9400111107984871125991,USPS,04-01-2022 20:50,10-01-2022 19:10,"Status: delivered: Description: January 10 2:10 pm Delivered, In/At Mailbox in PENSACOLA, FL, date: 10-01-2022 19:10",iFulfill Warehouse
7863625274602,9400111107984871281970,USPS,04-01-2022 20:33,12-01-2022 18:49,"Status: delivered: Description: January 12 1:49 pm Delivered, In/At Mailbox in HILLSBOROUGH, NC, date: 12-01-2022 18:49",iFulfill Warehouse
7863649628346,9400111107984872240235,USPS,04-01-2022 00:30,07-01-2022 19:46,"Status: delivered: Description: January 7 2:46 pm Delivered, In/At Mailbox in CHURCH POINT, LA, date: 07-01-2022 19:46",iFulfill Warehouse
8863640407521,9400111107984872580645,USPS,04-01-2022 00:37,,"Status: in_transit: Description: January 11 In Transit, Arriving Late, date: 11-01-2022 05:00",iFulfill Warehouse
7863624613966,9400111107984875440274,USPS,04-01-2022 00:03,07-01-2022 01:01,"Status: delivered: Description: January 6 8:01 pm Delivered, In/At Mailbox in STATEN ISLAND, NY, date: 07-01-2022 01:01",iFulfill Warehouse
7863648932581,9400111107984876153104,USPS,04-01-2022 19:44,10-01-2022 14:26,"Status: delivered: Description: January 10 9:26 am Delivered, PO Box in RICHLAND SPRINGS, TX, date: 10-01-2022 14:26",iFulfill Warehouse
7863638696861,9400111107984876468543,USPS,04-01-2022 19:52,08-01-2022 18:37,"Status: delivered: Description: January 8 1:37 pm Delivered, Front Door/Porch in BALL GROUND, GA, date: 08-01-2022 18:37",iFulfill Warehouse
7863623811033,9400111107984876479655,USPS,04-01-2022 19:49,08-01-2022 18:03,"Status: delivered: Description: January 8 1:03 pm Delivered, Front Door/Porch in POMPANO BEACH, FL, date: 08-01-2022 18:03",iFulfill Warehouse
7863637323445,9400111107984876628350,USPS,04-01-2022 19:58,08-01-2022 18:48,"Status: delivered: Description: January 8 1:48 pm Delivered, In/At Mailbox in JENA, LA, date: 08-01-2022 18:48",iFulfill Warehouse
8863640509121,9400111107984876733597,USPS,04-01-2022 19:34,07-01-2022 14:53,"Status: delivered: Description: January 7 9:53 am Delivered, In/At Mailbox in CERES, CA, date: 07-01-2022 14:53",iFulfill Warehouse
7863649239617,9400111107984876746344,USPS,04-01-2022 19:36,08-01-2022 20:45,"Status: delivered: Description: January 8 3:45 pm Delivered, Left with Individual in TOPEKA, KS, date: 08-01-2022 20:45",iFulfill Warehouse
7863624268259,9400111107984884035355,USPS,29-12-2021 21:50,03-01-2022 17:05,"Status: delivered: Description: January 3 12:05 pm Delivered, Front Door/Porch in LOS ANGELES, CA, date: 03-01-2022 17:05",Hardway Warehouse
7863601005110,9400111107984884042476,USPS,29-12-2021 21:52,03-01-2022 18:54,"Status: delivered: Description: January 3 1:54 pm Delivered, In/At Mailbox in MATHIS, TX, date: 03-01-2022 18:54",Hardway Warehouse
6863572770143,9400111107984887636993,USPS,30-12-2021 00:19,03-01-2022 20:52,"Status: delivered: Description: January 3 3:52 pm Delivered, In/At Mailbox in JAMAICA, NY, date: 03-01-2022 20:52",iFulfill Warehouse
6863588406042,9400111107984887734804,USPS,29-12-2021 23:51,02-01-2022 20:52,"Status: delivered: Description: January 2 3:52 pm Delivered, In/At Mailbox in LAKE WORTH, FL, date: 02-01-2022 20:52",iFulfill Warehouse
7863612627268,9400111107984888918098,USPS,30-12-2021 02:15,03-01-2022 16:05,"Status: delivered: Description: January 3 11:05 am Delivered, Front Door/Porch in SAN FRANCISCO, CA, date: 03-01-2022 16:05",Hardway Warehouse
7863625396196,9400111107984888976968,USPS,30-12-2021 02:18,03-01-2022 21:27,"Status: delivered: Description: January 3 4:27 pm Delivered, Front Door/Porch in SAINT PAUL, MN, date: 03-01-2022 21:27",Hardway Warehouse
7863612506801,9400111107984888990476,USPS,30-12-2021 02:19,06-01-2022 17:41,"Status: delivered: Description: January 6 12:41 pm Delivered, In/At Mailbox in LANCASTER, TX, date: 06-01-2022 17:41",Hardway Warehouse
6863587413867,9400111107984889997313,USPS,29-12-2021 21:46,07-01-2022 16:17,"Status: delivered: Description: January 7 11:17 am Delivered, Individual Picked Up at Post Office in KENWOOD, CA, date: 07-01-2022 16:17",Hardway Warehouse
4870191477484,9400111107984927141142,USPS,22-01-2022 23:35,,"Status: in_transit: Description: January 25 11:52 pm Arrived at USPS Regional Origin Facility in CHICAGO IL NETWORK DISTRIBUTION CENTER, date: 26-01-2022 04:52",Hardway Warehouse
3870152548305,9400111107984927152162,USPS,22-01-2022 23:47,,"Status: in_transit: Description: January 25 11:49 pm Arrived at USPS Regional Origin Facility in CHICAGO IL NETWORK DISTRIBUTION CENTER, date: 26-01-2022 04:49",Hardway Warehouse
3870152548305,9400111107984927152162,USPS,22-01-2022 23:47,,"Status: in_transit: Description: January 25 11:49 pm Arrived at USPS Regional Origin Facility in CHICAGO IL NETWORK DISTRIBUTION CENTER, date: 26-01-2022 04:49",Hardway Warehouse
3870152548305,9400111107984927152162,USPS,22-01-2022 23:47,,"Status: in_transit: Description: January 25 11:49 pm Arrived at USPS Regional Origin Facility in CHICAGO IL NETWORK DISTRIBUTION CENTER, date: 26-01-2022 04:49",Hardway Warehouse
3870152548305,9400111107984927152162,USPS,22-01-2022 23:47,,"Status: in_transit: Description: January 25 11:49 pm Arrived at USPS Regional Origin Facility in CHICAGO IL NETWORK DISTRIBUTION CENTER, date: 26-01-2022 04:49",Hardway Warehouse
4870203161214,9400111107984927160235,USPS,22-01-2022 23:53,,"Status: pre_transit: Description: January 22 6:53 pm Shipping Label Created, USPS Awaiting Item in HOMER GLEN, IL, date: 22-01-2022 23:53",Hardway Warehouse
4870215483306,9400111107984927167067,USPS,22-01-2022 23:55,,"Status: in_transit: Description: January 25 11:58 pm Arrived at USPS Regional Origin Facility in CHICAGO IL NETWORK DISTRIBUTION CENTER, date: 26-01-2022 04:58",Hardway Warehouse
3870164812008,9400111107984927169986,USPS,22-01-2022 23:51,,"Status: in_transit: Description: January 25 11:58 pm Arrived at USPS Regional Origin Facility in CHICAGO IL NETWORK DISTRIBUTION CENTER, date: 26-01-2022 04:58",Hardway Warehouse
3870164812008,9400111107984927169986,USPS,22-01-2022 23:51,,"Status: in_transit: Description: January 25 11:58 pm Arrived at USPS Regional Origin Facility in CHICAGO IL NETWORK DISTRIBUTION CENTER, date: 26-01-2022 04:58",Hardway Warehouse
3870188068494,9400111107984927175178,USPS,22-01-2022 23:36,,"Status: in_transit: Description: January 25 11:51 pm Arrived at USPS Regional Origin Facility in CHICAGO IL NETWORK DISTRIBUTION CENTER, date: 26-01-2022 04:51",Hardway Warehouse
3870188017792,9400111107984927178001,USPS,22-01-2022 23:37,,"Status: in_transit: Description: January 26 12:00 am Arrived at USPS Regional Origin Facility in CHICAGO IL NETWORK DISTRIBUTION CENTER, date: 26-01-2022 05:00",Hardway Warehouse
4870215745866,9400111107984927181773,USPS,22-01-2022 23:59,,"Status: pre_transit: Description: January 22 6:59 pm Shipping Label Created, USPS Awaiting Item in HOMER GLEN, IL, date: 22-01-2022 23:59",Hardway Warehouse
3870140120151,9400111107984927426201,USPS,23-01-2022 00:30,,"Status: in_transit: Description: January 26 4:59 am Departed USPS Regional Facility in CHICAGO IL NETWORK DISTRIBUTION CENTER, date: 26-01-2022 09:59",Hardway Warehouse
2870136690293,9400111107984927463084,USPS,23-01-2022 00:36,,"Status: in_transit: Description: January 25 11:52 pm Arrived at USPS Regional Origin Facility in CHICAGO IL NETWORK DISTRIBUTION CENTER, date: 26-01-2022 04:52",Hardway Warehouse
3870152978891,9400111107984927466474,USPS,23-01-2022 00:40,,"Status: in_transit: Description: January 26 12:06 am Arrived at USPS Regional Origin Facility in CHICAGO IL NETWORK DISTRIBUTION CENTER, date: 26-01-2022 05:06",Hardway Warehouse
3870151239625,9400111107984927483778,USPS,23-01-2022 00:41,,"Status: in_transit: Description: January 26 5:00 am Departed USPS Regional Facility in CHICAGO IL NETWORK DISTRIBUTION CENTER, date: 26-01-2022 10:00",Hardway Warehouse
3870195674501,9400111107984992062182,USPS,24-01-2022 20:28,,"Status: in_transit: Description: January 26 1:13 am Departed USPS Regional Destination Facility in PROVIDENCE RI DISTRIBUTION CENTER, date: 26-01-2022 06:13",iFulfill Warehouse
1870083832622,9400111107984992372816,USPS,24-01-2022 20:34,,"Status: in_transit: Description: January 26 12:12 am Arrived at USPS Regional Destination Facility in TUCSON AZ DISTRIBUTION CENTER, date: 26-01-2022 05:12",iFulfill Warehouse
4870190559425,9400111107984992836226,USPS,24-01-2022 20:30,,"Status: in_transit: Description: January 25 In Transit, Arriving On Time, date: 25-01-2022 05:00",iFulfill Warehouse
3870188747757,9400111107984992857597,USPS,24-01-2022 20:32,,"Status: in_transit: Description: January 26 2:36 am Arrived at USPS Facility in PATERSON, NJ, date: 26-01-2022 07:36",iFulfill Warehouse
3870152500510,9400111107984995957751,USPS,24-01-2022 20:24,,"Status: in_transit: Description: January 26 4:43 am Departed USPS Regional Facility in LANCASTER PA DISTRIBUTION CENTER, date: 26-01-2022 09:43",iFulfill Warehouse
4870190128039,9400111107984998005084,USPS,24-01-2022 23:06,,"Status: in_transit: Description: January 25 6:50 am Arrived at USPS Facility in HARRISBURG, PA, date: 25-01-2022 11:50",iFulfill Warehouse
4870191777717,9400111107984998090745,USPS,24-01-2022 23:04,,"Status: out_for_delivery: Description: January 26 6:10 am Out for Delivery, Expected Delivery by 9:00pm in BROWNS MILLS, NJ, date: 26-01-2022 11:10",iFulfill Warehouse
4870226376901,9400111107984998212383,USPS,24-01-2022 23:17,,"Status: in_transit: Description: January 25 11:42 pm Arrived at USPS Regional Facility in NASHUA NH DISTRIBUTION CENTER, date: 26-01-2022 04:42",iFulfill Warehouse
3870189501199,9400111107984998339417,USPS,24-01-2022 23:11,,"Status: in_transit: Description: January 26 3:31 am Arrived at USPS Regional Destination Facility in WHITE PLAINS NY DISTRIBUTION CENTER, date: 26-01-2022 08:31",iFulfill Warehouse
4870191489770,9400111107984998361425,USPS,24-01-2022 23:15,25-01-2022 14:07,"Status: delivered: Description: January 25 9:07 am Delivered, In/At Mailbox in LYKENS, PA, date: 25-01-2022 14:07",iFulfill Warehouse
3870189125965,9400111107984998826122,USPS,24-01-2022 23:09,,"Status: in_transit: Description: January 26 4:50 am Arrived at USPS Facility in JAMESTOWN, NY, date: 26-01-2022 09:50",iFulfill Warehouse
4870215918774,9400111107984998847905,USPS,24-01-2022 23:08,,"Status: in_transit: Description: January 25 8:20 pm Departed USPS Regional Facility in GREENSBORO NC DISTRIBUTION CENTER, date: 26-01-2022 01:20",iFulfill Warehouse
8863663851304,9405511107984502815393,USPS,10-01-2022 23:17,14-01-2022 15:03,"Status: delivered: Description: January 14 10:03 am Delivered, Front Door/Porch in CAREY, OH, date: 14-01-2022 15:03",iFulfill Warehouse
9870040345755,9405511107984504170599,USPS,11-01-2022 01:27,13-01-2022 17:09,"Status: delivered: Description: January 13 12:09 pm Delivered, In/At Mailbox in HEMET, CA, date: 13-01-2022 17:09",iFulfill Warehouse
8870038821477,9405511107984504434196,USPS,11-01-2022 01:31,14-01-2022 15:38,"Status: delivered: Description: January 14 10:38 am Delivered, In/At Mailbox in BRATTLEBORO, VT, date: 14-01-2022 15:38",iFulfill Warehouse
9870042452529,9405511107984504453883,USPS,11-01-2022 01:34,13-01-2022 15:13,"Status: delivered: Description: January 13 10:13 am Delivered, Parcel Locker in BRISTOL, TN, date: 13-01-2022 15:13",iFulfill Warehouse
9870042452529,9405511107984504453883,USPS,11-01-2022 01:34,13-01-2022 15:13,"Status: delivered: Description: January 13 10:13 am Delivered, Parcel Locker in BRISTOL, TN, date: 13-01-2022 15:13",iFulfill Warehouse
7863649245501,9405511107984505192415,USPS,10-01-2022 22:57,14-01-2022 22:03,"Status: delivered: Description: January 14 5:03 pm Delivered, Front Door/Porch in WEST COLUMBIA, SC, date: 14-01-2022 22:03",iFulfill Warehouse
9870042076320,9405511107984505784078,USPS,10-01-2022 22:54,14-01-2022 18:31,"Status: delivered: Description: January 14 1:31 pm Delivered, Front Door/Porch in GOSHEN, IN, date: 14-01-2022 18:31",iFulfill Warehouse
7863659481975,9405511107984505904520,USPS,10-01-2022 23:12,13-01-2022 16:21,"Status: delivered: Description: January 13 11:21 am Delivered, In/At Mailbox in UNIONDALE, NY, date: 13-01-2022 16:21",iFulfill Warehouse
9870068320038,9405511107984505940078,USPS,10-01-2022 23:09,13-01-2022 16:45,"Status: delivered: Description: January 13 11:45 am Delivered, Front Door/Porch in CANTON, MA, date: 13-01-2022 16:45",iFulfill Warehouse
9870053830885,9405511107984506136852,USPS,11-01-2022 18:45,13-01-2022 16:17,"Status: delivered: Description: January 13 11:17 am Delivered, Front Door/Porch in LOS ANGELES, CA, date: 13-01-2022 16:17",iFulfill Warehouse
8863650350251,9405511107984506161182,USPS,11-01-2022 18:53,13-01-2022 18:10,"Status: delivered: Description: January 13 1:10 pm Delivered, Front Door/Porch in DALLAS, TX, date: 13-01-2022 18:10",iFulfill Warehouse
8863663982805,9405511107984506209297,USPS,11-01-2022 18:21,13-01-2022 18:20,"Status: delivered: Description: January 13 1:20 pm Delivered, Front Door/Porch in JAMESTOWN, NY, date: 13-01-2022 18:20",iFulfill Warehouse
8870027531226,9405511107984506292237,USPS,11-01-2022 18:14,15-01-2022 12:54,"Status: delivered: Description: January 15 7:54 am Delivered, Parcel Locker in NASHUA, IA, date: 15-01-2022 12:54",iFulfill Warehouse
8870027531226,9405511107984506292237,USPS,11-01-2022 18:14,15-01-2022 12:54,"Status: delivered: Description: January 15 7:54 am Delivered, Parcel Locker in NASHUA, IA, date: 15-01-2022 12:54",iFulfill Warehouse
8863665421694,9405511107984506403909,USPS,11-01-2022 19:04,15-01-2022 16:05,"Status: delivered: Description: January 15 11:05 am Delivered, Front Door/Porch in SPRING HILL, KS, date: 15-01-2022 16:05",iFulfill Warehouse
8863653058922,9405511107984506541182,USPS,11-01-2022 18:24,13-01-2022 20:27,"Status: delivered: Description: January 13 3:27 pm Delivered, In/At Mailbox in WAYNE, MI, date: 13-01-2022 20:27",iFulfill Warehouse
9870068155370,9405511107984506552911,USPS,11-01-2022 18:28,13-01-2022 21:59,"Status: delivered: Description: January 13 4:59 pm Delivered, Front Door/Porch in PERRY HALL, MD, date: 13-01-2022 21:59",iFulfill Warehouse
9870066196562,9405511107984506698213,USPS,11-01-2022 19:09,15-01-2022 20:21,"Status: delivered: Description: January 15 3:21 pm Delivered, In/At Mailbox in PAXICO, KS, date: 15-01-2022 20:21",iFulfill Warehouse
9870041332476,9405511107984506757972,USPS,11-01-2022 18:40,13-01-2022 21:06,"Status: delivered: Description: January 13 4:06 pm Delivered, Front Door/Porch in TORRINGTON, CT, date: 13-01-2022 21:06",iFulfill Warehouse
9870042281541,9405511107984507286594,USPS,11-01-2022 02:13,15-01-2022 15:42,"Status: delivered: Description: January 15 10:42 am Delivered, Front Door/Porch in LAWRENCE, KS, date: 15-01-2022 15:42",iFulfill Warehouse
8870039650723,9405511107984507330198,USPS,11-01-2022 02:01,13-01-2022 20:20,"Status: delivered: Description: January 13 3:20 pm Delivered, Front Door/Porch in ELMIRA, NY, date: 13-01-2022 20:20",iFulfill Warehouse
9870068011630,9405511107984507366456,USPS,11-01-2022 02:06,14-01-2022 14:52,"Status: delivered: Description: January 14 9:52 am Delivered, Individual Picked Up at Post Office in PENTWATER, MI, date: 14-01-2022 14:52",iFulfill Warehouse
9870042398824,9405511107984507398037,USPS,11-01-2022 02:03,15-01-2022 14:27,"Status: delivered: Description: January 15 9:27 am Delivered, In/At Mailbox in BOONSBORO, MD, date: 15-01-2022 14:27",iFulfill Warehouse
9870042398824,9405511107984507398037,USPS,11-01-2022 02:03,15-01-2022 14:27,"Status: delivered: Description: January 15 9:27 am Delivered, In/At Mailbox in BOONSBORO, MD, date: 15-01-2022 14:27",iFulfill Warehouse
9870068602840,9405511107984507541921,USPS,11-01-2022 02:16,13-01-2022 19:01,"Status: delivered: Description: January 13 2:01 pm Delivered, Front Door/Porch in COPPERAS COVE, TX, date: 13-01-2022 19:01",iFulfill Warehouse
9870030299293,9405511107984507550091,USPS,11-01-2022 02:18,14-01-2022 22:19,"Status: delivered: Description: January 14 5:19 pm Delivered, Front Door/Porch in KLAMATH FALLS, OR, date: 14-01-2022 22:19",iFulfill Warehouse
9870069162660,9405511107984507713922,USPS,11-01-2022 02:21,13-01-2022 14:35,"Status: delivered: Description: January 13 9:35 am Delivered, Front Door/Porch in COXS CREEK, KY, date: 13-01-2022 14:35",iFulfill Warehouse
9870054678373,9405511107984507850092,USPS,11-01-2022 01:59,13-01-2022 14:35,"Status: delivered: Description: January 13 9:35 am Delivered, In/At Mailbox in TUCSON, AZ, date: 13-01-2022 14:35",iFulfill Warehouse
3870163699002,9405511107984510082701,USPS,19-01-2022 23:22,22-01-2022 17:02,"Status: delivered: Description: January 22 12:02 pm Delivered, Front Door/Porch in SAINT ALBANS, VT, date: 22-01-2022 17:02",iFulfill Warehouse
3870152711727,9405511107984510217066,USPS,19-01-2022 23:40,24-01-2022 18:10,"Status: delivered: Description: January 24 1:10 pm Delivered, Front Door/Porch in ALDEN, NY, date: 24-01-2022 18:10",iFulfill Warehouse
3870164115987,9405511107984510310378,USPS,19-01-2022 23:31,24-01-2022 21:29,"Status: delivered: Description: January 24 4:29 pm Delivered, Front Door/Porch in DAVENPORT, FL, date: 24-01-2022 21:29",iFulfill Warehouse
3870176698940,9405511107984510562296,USPS,19-01-2022 23:53,24-01-2022 18:54,"Status: delivered: Description: January 24 1:54 pm Delivered, In/At Mailbox in LANGHORNE, PA, date: 24-01-2022 18:54",iFulfill Warehouse
3870163927445,9405511107984510811424,USPS,19-01-2022 23:25,24-01-2022 19:51,"Status: delivered: Description: January 24 2:51 pm Delivered, Front Door/Porch in FORT MYERS, FL, date: 24-01-2022 19:51",iFulfill Warehouse
3870163989265,9405511107984518494469,USPS,19-01-2022 22:54,24-01-2022 21:03,"Status: delivered: Description: January 24 4:03 pm Delivered, Left with Individual in ORANGEBURG, NY, date: 24-01-2022 21:03",iFulfill Warehouse
8863665941210,9405511107984526024986,USPS,08-01-2022 01:25,14-01-2022 15:40,"Status: delivered: Description: January 14 10:40 am Delivered, In/At Mailbox in GULFPORT, MS, date: 14-01-2022 15:40",iFulfill Warehouse
8870039460497,9405511107984527152053,USPS,07-01-2022 21:59,10-01-2022 18:53,"Status: delivered: Description: January 10 1:53 pm Delivered, Front Door/Porch in BROOKLYN, NY, date: 10-01-2022 18:53",iFulfill Warehouse
8870038808431,9405511107984527297488,USPS,07-01-2022 21:37,10-01-2022 20:40,"Status: delivered: Description: January 10 3:40 pm Delivered, Front Door/Porch in EL PASO, TX, date: 10-01-2022 20:40",iFulfill Warehouse
8870038808431,9405511107984527297488,USPS,07-01-2022 21:37,10-01-2022 20:40,"Status: delivered: Description: January 10 3:40 pm Delivered, Front Door/Porch in EL PASO, TX, date: 10-01-2022 20:40",iFulfill Warehouse
8863652823094,9405511107984527451439,USPS,07-01-2022 22:06,10-01-2022 21:37,"Status: delivered: Description: January 10 4:37 pm Delivered, Garage or Other Location at Address in CORNING, CA, date: 10-01-2022 21:37",iFulfill Warehouse
8870027555552,9405511107984527506924,USPS,07-01-2022 21:47,10-01-2022 15:30,"Status: delivered: Description: January 10 10:30 am Delivered, In/At Mailbox in AMSTERDAM, NY, date: 10-01-2022 15:30",iFulfill Warehouse
9870042387965,9405511107984527557346,USPS,07-01-2022 21:45,13-01-2022 20:51,"Status: delivered: Description: January 13 3:51 pm Delivered, Individual Picked Up at Post Office in WAYNE CITY, IL, date: 13-01-2022 20:51",iFulfill Warehouse
9870042387965,9405511107984527557346,USPS,07-01-2022 21:45,13-01-2022 20:51,"Status: delivered: Description: January 13 3:51 pm Delivered, Individual Picked Up at Post Office in WAYNE CITY, IL, date: 13-01-2022 20:51",iFulfill Warehouse
8863664374201,9405511107984527754615,USPS,07-01-2022 21:52,10-01-2022 18:06,"Status: delivered: Description: January 10 1:06 pm Delivered, In/At Mailbox in SEATTLE, WA, date: 10-01-2022 18:06",iFulfill Warehouse
7863626190551,9405511107984527781062,USPS,07-01-2022 21:54,18-01-2022 15:00,"Status: delivered: Description: January 18 10:00 am Delivered, Front Door/Porch in CHECOTAH, OK, date: 18-01-2022 15:00",Hardway Warehouse
7863623595003,9405511107984528380523,USPS,07-01-2022 22:45,08-01-2022 18:36,"Status: delivered: Description: January 8 1:36 pm Delivered, Front Door/Porch in OLEY, PA, date: 08-01-2022 18:36",iFulfill Warehouse
8870027528575,9405511107984528506206,USPS,07-01-2022 23:02,10-01-2022 19:22,"Status: delivered: Description: January 10 2:22 pm Delivered, In/At Mailbox in MACHESNEY PARK, IL, date: 10-01-2022 19:22",iFulfill Warehouse
8863663981838,9405511107984528805798,USPS,07-01-2022 22:39,10-01-2022 16:57,"Status: delivered: Description: January 10 11:57 am Delivered, In/At Mailbox in BRISTOL, TN, date: 10-01-2022 16:57",iFulfill Warehouse
3870187777393,9405511107984534376541,USPS,20-01-2022 22:50,22-01-2022 19:29,"Status: delivered: Description: January 22 2:29 pm Delivered, In/At Mailbox in FLORAL PARK, NY, date: 22-01-2022 19:29",iFulfill Warehouse
3870165068064,9405511107984534875778,USPS,20-01-2022 22:41,24-01-2022 18:18,"Status: delivered: Description: January 24 1:18 pm Delivered, Front Door/Porch in ORLANDO, FL, date: 24-01-2022 18:18",iFulfill Warehouse
3870188150989,9405511107984534884350,USPS,20-01-2022 22:45,24-01-2022 13:01,"Status: delivered: Description: January 24 8:01 am Delivered, Front Door/Porch in WAYNE, PA, date: 24-01-2022 13:01",iFulfill Warehouse
2870121058964,9405511107984549107055,USPS,17-01-2022 19:38,,"Status: pre_transit: Description: January 17 2:38 pm Shipping Label Created, USPS Awaiting Item in MANSFIELD, PA, date: 17-01-2022 19:38",iFulfill Warehouse
1870107319740,9405511107984549159191,USPS,17-01-2022 19:36,22-01-2022 15:35,"Status: delivered: Description: January 22 10:35 am Delivered, In/At Mailbox in WEST PLAINS, MO, date: 22-01-2022 15:35",iFulfill Warehouse
1870107319740,9405511107984549159191,USPS,17-01-2022 19:36,22-01-2022 15:35,"Status: delivered: Description: January 22 10:35 am Delivered, In/At Mailbox in WEST PLAINS, MO, date: 22-01-2022 15:35",iFulfill Warehouse
1870095127996,9405511107984549838997,USPS,17-01-2022 19:02,20-01-2022 22:48,"Status: delivered: Description: January 20 5:48 pm Delivered, In/At Mailbox in HOUSTON, TX, date: 20-01-2022 22:48",iFulfill Warehouse
1870070049082,9405511107984569064734,USPS,12-01-2022 00:28,18-01-2022 21:32,"Status: delivered: Description: January 18 4:32 pm Delivered, Front Door/Porch in FAYETTEVILLE, AR, date: 18-01-2022 21:32",iFulfill Warehouse
9870068553957,9405511107984569191461,USPS,12-01-2022 01:15,14-01-2022 20:09,"Status: delivered: Description: January 14 3:09 pm Delivered, In/At Mailbox in UNIONDALE, NY, date: 14-01-2022 20:09",iFulfill Warehouse
9870055149346,9405511107984569286679,USPS,12-01-2022 00:54,15-01-2022 18:35,"Status: delivered: Description: January 15 1:35 pm Delivered, Front Desk/Reception/Mail Room in MIAMI BEACH, FL, date: 15-01-2022 18:35",iFulfill Warehouse
9870067722210,9405511107984569413013,USPS,12-01-2022 01:21,14-01-2022 17:36,"Status: delivered: Description: January 14 12:36 pm Delivered, In/At Mailbox in CHICAGO, IL, date: 14-01-2022 17:36",iFulfill Warehouse
1870071278064,9405511107984569548548,USPS,12-01-2022 00:57,14-01-2022 19:25,"Status: delivered: Description: January 14 2:25 pm Delivered, In/At Mailbox in MONTCLAIR, NJ, date: 14-01-2022 19:25",iFulfill Warehouse
1870071278064,9405511107984569548548,USPS,12-01-2022 00:57,14-01-2022 19:25,"Status: delivered: Description: January 14 2:25 pm Delivered, In/At Mailbox in MONTCLAIR, NJ, date: 14-01-2022 19:25",iFulfill Warehouse
9870068890365,9405511107984569581200,USPS,12-01-2022 01:03,14-01-2022 17:25,"Status: delivered: Description: January 14 12:25 pm Delivered, Front Door/Porch in DEANSBORO, NY, date: 14-01-2022 17:25",iFulfill Warehouse
1870082374323,9405511107984569711447,USPS,12-01-2022 01:05,14-01-2022 20:29,"Status: delivered: Description: January 14 3:29 pm Delivered, In/At Mailbox in AKRON, OH, date: 14-01-2022 20:29",iFulfill Warehouse
8863653753062,9405511107984569882055,USPS,12-01-2022 00:38,15-01-2022 19:52,"Status: delivered: Description: January 15 2:52 pm Delivered, Front Door/Porch in PUYALLUP, WA, date: 15-01-2022 19:52",iFulfill Warehouse
9870067965560,9405511107984571080760,USPS,18-01-2022 23:58,21-01-2022 18:24,"Status: delivered: Description: January 21 1:24 pm Delivered, Front Door/Porch in MADISON, MS, date: 21-01-2022 18:24",iFulfill Warehouse
1870106019438,9405511107984576282565,USPS,18-01-2022 23:11,21-01-2022 22:12,"Status: delivered: Description: January 21 5:12 pm Delivered, In/At Mailbox in FORT MYERS, FL, date: 21-01-2022 22:12",iFulfill Warehouse
1870106311345,9405511107984576419626,USPS,18-01-2022 23:33,20-01-2022 16:47,"Status: delivered: Description: January 20 11:47 am Delivered, Front Desk/Reception/Mail Room in WOODBURY, NY, date: 20-01-2022 16:47",iFulfill Warehouse
1870070918781,9405511107984576921013,USPS,18-01-2022 23:50,20-01-2022 16:04,"Status: delivered: Description: January 20 11:04 am Delivered, In/At Mailbox in RIDGEFIELD, WA, date: 20-01-2022 16:04",iFulfill Warehouse
9870068918072,9405511107984580623996,USPS,13-01-2022 23:20,17-01-2022 20:02,"Status: delivered: Description: January 17 3:02 pm Delivered, Front Door/Porch in CANTON, GA, date: 17-01-2022 20:02",iFulfill Warehouse
1870106819275,9405511107984580679771,USPS,13-01-2022 23:18,18-01-2022 16:25,"Status: delivered: Description: January 18 11:25 am Delivered, In/At Mailbox in NORTH HAVEN, CT, date: 18-01-2022 16:25",iFulfill Warehouse
9870054626907,9405511107984584262801,USPS,13-01-2022 18:24,15-01-2022 18:34,"Status: delivered: Description: January 15 1:34 pm Delivered, In/At Mailbox in ACTON, MA, date: 15-01-2022 18:34",iFulfill Warehouse
1870107758576,9405511107984584294895,USPS,13-01-2022 18:20,18-01-2022 17:39,"Status: delivered: Description: January 18 12:39 pm Delivered, In/At Mailbox in SCOTTSBORO, AL, date: 18-01-2022 17:39",iFulfill Warehouse
9870054550459,9405511107984584356876,USPS,13-01-2022 18:06,15-01-2022 20:28,"Status: delivered: Description: January 15 3:28 pm Delivered, In/At Mailbox in SLIDELL, LA, date: 15-01-2022 20:28",iFulfill Warehouse
1870108294902,9405511107984584522998,USPS,13-01-2022 18:35,15-01-2022 15:24,"Status: delivered: Description: January 15 10:24 am Delivered, Garage or Other Location at Address in LOUISVILLE, KY, date: 15-01-2022 15:24",iFulfill Warehouse
1870095116158,9405511107984584583289,USPS,13-01-2022 18:38,15-01-2022 16:18,"Status: delivered: Description: January 15 11:18 am Delivered, Front Door/Porch in HAMLIN, NY, date: 15-01-2022 16:18",iFulfill Warehouse
9870054497970,9405511107984586087211,USPS,13-01-2022 23:40,15-01-2022 15:42,"Status: delivered: Description: January 15 10:42 am Delivered, Front Door/Porch in GRAYSON, GA, date: 15-01-2022 15:42",iFulfill Warehouse
9870068792694,9405511107984597856165,USPS,10-01-2022 18:18,12-01-2022 17:06,"Status: delivered: Description: January 12 12:06 pm Delivered, Front Desk/Reception/Mail Room in MUNCIE, IN, date: 12-01-2022 17:06",iFulfill Warehouse
9870068792694,9405511107984597856165,USPS,10-01-2022 18:18,12-01-2022 17:06,"Status: delivered: Description: January 12 12:06 pm Delivered, Front Desk/Reception/Mail Room in MUNCIE, IN, date: 12-01-2022 17:06",iFulfill Warehouse
7863638646745,9405511107984811669878,USPS,05-01-2022 22:06,11-01-2022 15:26,"Status: delivered: Description: January 11 10:26 am Delivered, Front Door/Porch in MCALLEN, TX, date: 11-01-2022 15:26",iFulfill Warehouse
8863651587138,9405511107984812424032,USPS,05-01-2022 00:04,07-01-2022 18:06,"Status: delivered: Description: January 7 1:06 pm Delivered, Front Door/Porch in CAMARILLO, CA, date: 07-01-2022 18:06",iFulfill Warehouse
8863651265206,9405511107984812611821,USPS,05-01-2022 00:09,08-01-2022 16:42,"Status: delivered: Description: January 8 11:42 am Delivered, Front Door/Porch in NEW PALESTINE, IN, date: 08-01-2022 16:42",iFulfill Warehouse
7863637712958,9405511107984812948248,USPS,05-01-2022 00:17,10-01-2022 18:36,"Status: delivered: Description: January 10 1:36 pm Delivered, Front Door/Porch in PARKER, CO, date: 10-01-2022 18:36",iFulfill Warehouse
7863611995353,9405511107984819113786,USPS,05-01-2022 01:10,12-01-2022 15:24,"Status: delivered: Description: January 12 10:24 am Delivered, Front Door/Porch in STATESVILLE, NC, date: 12-01-2022 15:24",iFulfill Warehouse
7863637634710,9405511107984819182515,USPS,05-01-2022 01:16,10-01-2022 17:23,"Status: delivered: Description: January 10 12:23 pm Delivered, Front Door/Porch in MONTGOMERY, AL, date: 10-01-2022 17:23",iFulfill Warehouse
7863649822405,9405511107984830224607,USPS,06-01-2022 21:17,08-01-2022 21:06,"Status: delivered: Description: January 8 4:06 pm Delivered, In/At Mailbox in CHICAGO, IL, date: 08-01-2022 21:06",iFulfill Warehouse
9870042844956,9405511107984831300157,USPS,06-01-2022 23:40,08-01-2022 20:34,"Status: delivered: Description: January 8 3:34 pm Delivered, In/At Mailbox in WALNUT COVE, NC, date: 08-01-2022 20:34",iFulfill Warehouse
8870038758076,9405511107984833115681,USPS,07-01-2022 01:41,10-01-2022 18:09,"Status: delivered: Description: January 10 1:09 pm Delivered, In/At Mailbox in MISHAWAKA, IN, date: 10-01-2022 18:09",iFulfill Warehouse
8870028131054,9405511107984833217606,USPS,07-01-2022 01:09,11-01-2022 16:12,"Status: delivered: Description: January 11 11:12 am Delivered, Garage or Other Location at Address in VENICE, FL, date: 11-01-2022 16:12",iFulfill Warehouse
8863653391810,9405511107984833526081,USPS,07-01-2022 01:24,10-01-2022 22:43,"Status: delivered: Description: January 10 5:43 pm Delivered, In/At Mailbox in EL SEGUNDO, CA, date: 10-01-2022 22:43",iFulfill Warehouse
8863664906573,9405511107984833776059,USPS,07-01-2022 01:33,10-01-2022 18:17,"Status: delivered: Description: January 10 1:17 pm Delivered, In/At Mailbox in FAIRVIEW, NC, date: 10-01-2022 18:17",iFulfill Warehouse
9870041338336,9405511107984833787529,USPS,07-01-2022 01:39,10-01-2022 22:39,"Status: delivered: Description: January 10 5:39 pm Delivered, Left with Individual in WATERLOO, IA, date: 10-01-2022 22:39",iFulfill Warehouse
8863652384998,9405511107984835599731,USPS,06-01-2022 00:00,10-01-2022 20:03,"Status: delivered: Description: January 10 3:03 pm Delivered, Front Door/Porch in OREM, UT, date: 10-01-2022 20:03",iFulfill Warehouse
9870041962374,9405511107984835916132,USPS,06-01-2022 00:39,11-01-2022 14:59,"Status: delivered: Description: January 11 9:59 am Delivered, In/At Mailbox in BROKEN ARROW, OK, date: 11-01-2022 14:59",iFulfill Warehouse
8870027599989,9405511107984836174135,USPS,06-01-2022 22:48,12-01-2022 19:06,"Status: delivered: Description: January 12 2:06 pm Delivered, In/At Mailbox in TACOMA, WA, date: 12-01-2022 19:06",iFulfill Warehouse
9870042563850,9405511107984836788943,USPS,06-01-2022 22:44,10-01-2022 16:49,"Status: delivered: Description: January 10 11:49 am Delivered, In/At Mailbox in CEDAR RAPIDS, IA, date: 10-01-2022 16:49",iFulfill Warehouse
7863638450187,9405511107984843625989,USPS,03-01-2022 23:28,07-01-2022 17:59,"Status: delivered: Description: January 7 12:59 pm Delivered, Front Door/Porch in SAINT PAUL, MN, date: 07-01-2022 17:59",iFulfill Warehouse
7863638311106,9405511107984843925829,USPS,03-01-2022 23:31,07-01-2022 17:59,"Status: delivered: Description: January 7 12:59 pm Delivered, Front Door/Porch in SAINT PAUL, MN, date: 07-01-2022 17:59",iFulfill Warehouse
7863625609967,9405511107984852267408,USPS,30-12-2021 23:08,07-01-2022 17:10,"Status: delivered: Description: January 7 12:10 pm Delivered, Front Desk/Reception/Mail Room in NEW YORK, NY, date: 07-01-2022 17:10",iFulfill Warehouse
7863624836304,9405511107984852387021,USPS,30-12-2021 23:01,06-01-2022 20:33,"Status: delivered: Description: January 6 3:33 pm Delivered, In/At Mailbox in MOUNTAIN TOP, PA, date: 06-01-2022 20:33",iFulfill Warehouse
7863624836304,9405511107984852387021,USPS,30-12-2021 23:01,06-01-2022 20:33,"Status: delivered: Description: January 6 3:33 pm Delivered, In/At Mailbox in MOUNTAIN TOP, PA, date: 06-01-2022 20:33",iFulfill Warehouse
5863601446168,9405511107984852978366,USPS,30-12-2021 23:55,06-01-2022 15:34,"Status: delivered: Description: January 6 10:34 am Delivered, Parcel Locker in BARTOW, WV, date: 06-01-2022 15:34",iFulfill Warehouse
5863601446168,9405511107984852978366,USPS,30-12-2021 23:55,06-01-2022 15:34,"Status: delivered: Description: January 6 10:34 am Delivered, Parcel Locker in BARTOW, WV, date: 06-01-2022 15:34",iFulfill Warehouse
7863590052177,9405511107984860209605,USPS,28-12-2021 23:06,31-12-2021 18:34,"Status: delivered: Description: December 31 1:34 pm Delivered, In/At Mailbox in HULL, MA, date: 31-12-2021 18:34",iFulfill Warehouse
7863590151313,9405511107984864262781,USPS,28-12-2021 19:45,03-01-2022 13:48,"Status: delivered: Description: January 3 8:48 am Delivered, Front Door/Porch in ORRVILLE, OH, date: 03-01-2022 13:48",iFulfill Warehouse
3863485077933,9405511107984864555142,USPS,28-12-2021 19:50,31-12-2021 16:42,"Status: delivered: Description: December 31 11:42 am Delivered, Front Door/Porch in MINSTER, OH, date: 31-12-2021 16:42",iFulfill Warehouse
7863611841793,9405511107984871135962,USPS,04-01-2022 20:47,07-01-2022 21:10,"Status: delivered: Description: January 7 4:10 pm Delivered, Front Door/Porch in DEERFIELD BEACH, FL, date: 07-01-2022 21:10",iFulfill Warehouse
8863651854621,9405511107984871514859,USPS,04-01-2022 20:35,08-01-2022 15:53,"Status: delivered: Description: January 8 10:53 am Delivered, In/At Mailbox in MILAN, MO, date: 08-01-2022 15:53",iFulfill Warehouse
7863600359252,9405511107984871520904,USPS,04-01-2022 20:38,06-01-2022 17:04,"Status: delivered: Description: January 6 12:04 pm Delivered, Front Door/Porch in SAINT ALBANS, WV, date: 06-01-2022 17:04",iFulfill Warehouse
7863649726478,9405511107984872014822,USPS,04-01-2022 00:15,07-01-2022 20:24,"Status: delivered: Description: January 7 3:24 pm Delivered, In/At Mailbox in ASHTABULA, OH, date: 07-01-2022 20:24",iFulfill Warehouse
8863640032353,9405511107984872327137,USPS,04-01-2022 00:26,07-01-2022 16:36,"Status: delivered: Description: January 7 11:36 am Delivered, In/At Mailbox in TAMPA, FL, date: 07-01-2022 16:36",iFulfill Warehouse
8863652226860,9405511107984872349771,USPS,04-01-2022 00:25,06-01-2022 19:42,"Status: delivered: Description: January 6 2:42 pm Delivered, In/At Mailbox in MORENO VALLEY, CA, date: 06-01-2022 19:42",iFulfill Warehouse
8863652226860,9405511107984872349771,USPS,04-01-2022 00:25,06-01-2022 19:42,"Status: delivered: Description: January 6 2:42 pm Delivered, In/At Mailbox in MORENO VALLEY, CA, date: 06-01-2022 19:42",iFulfill Warehouse
8863651457053,9405511107984872548631,USPS,04-01-2022 00:34,07-01-2022 18:07,"Status: delivered: Description: January 7 1:07 pm Delivered, In/At Mailbox in ABILENE, TX, date: 07-01-2022 18:07",iFulfill Warehouse
8863641122254,9405511107984875050902,USPS,03-01-2022 23:36,06-01-2022 16:39,"Status: delivered: Description: January 6 11:39 am Delivered, In/At Mailbox in POUGHKEEPSIE, NY, date: 06-01-2022 16:39",iFulfill Warehouse
8863640962830,9405511107984875651215,USPS,04-01-2022 00:09,07-01-2022 17:53,"Status: delivered: Description: January 7 12:53 pm Delivered, Front Door/Porch in WHITTIER, CA, date: 07-01-2022 17:53",iFulfill Warehouse
7863623952635,9405511107984875850427,USPS,03-01-2022 23:39,06-01-2022 15:43,"Status: delivered: Description: January 6 10:43 am Delivered, In/At Mailbox in HIGGANUM, CT, date: 06-01-2022 15:43",iFulfill Warehouse
8863651424477,9405511107984876104550,USPS,04-01-2022 19:46,07-01-2022 19:11,"Status: delivered: Description: January 7 2:11 pm Delivered, Front Door/Porch in PUYALLUP, WA, date: 07-01-2022 19:11",iFulfill Warehouse
8863651424477,9405511107984876104550,USPS,04-01-2022 19:46,07-01-2022 19:11,"Status: delivered: Description: January 7 2:11 pm Delivered, Front Door/Porch in PUYALLUP, WA, date: 07-01-2022 19:11",iFulfill Warehouse
7863647686014,9405511107984876112586,USPS,04-01-2022 19:41,06-01-2022 15:12,"Status: delivered: Description: January 6 10:12 am Delivered, Front Door/Porch in STERLING HEIGHTS, MI, date: 06-01-2022 15:12",iFulfill Warehouse
8863640570178,9405511107984876209170,USPS,04-01-2022 19:26,06-01-2022 17:53,"Status: delivered: Description: January 6 12:53 pm Delivered, In/At Mailbox in COLUMBIA, SC, date: 06-01-2022 17:53",iFulfill Warehouse
8863640532448,9405511107984876239320,USPS,04-01-2022 19:21,07-01-2022 17:42,"Status: delivered: Description: January 7 12:42 pm Delivered, Front Door/Porch in UPPER MARLBORO, MD, date: 07-01-2022 17:42",iFulfill Warehouse
7863649966928,9405511107984876543595,USPS,04-01-2022 19:29,07-01-2022 19:14,"Status: delivered: Description: January 7 2:14 pm Delivered, In/At Mailbox in MIDDLEFIELD, CT, date: 07-01-2022 19:14",iFulfill Warehouse
8863640777376,9405511107984876551415,USPS,04-01-2022 19:32,08-01-2022 21:15,"Status: delivered: Description: January 8 4:15 pm Delivered, Front Door/Porch in NORMANGEE, TX, date: 08-01-2022 21:15",iFulfill Warehouse
7863649153070,9405511107984876614684,USPS,04-01-2022 19:55,07-01-2022 19:18,"Status: delivered: Description: January 7 2:18 pm Delivered, In/At Mailbox in FRISCO, TX, date: 07-01-2022 19:18",iFulfill Warehouse
7863612236507,9405511107984887305717,USPS,29-12-2021 23:33,03-01-2022 14:15,"Status: delivered: Description: January 3 9:15 am Delivered, In/At Mailbox in OXFORD, MA, date: 03-01-2022 14:15",iFulfill Warehouse
6863599958050,9405511107984887565715,USPS,29-12-2021 23:48,03-01-2022 23:03,"Status: delivered: Description: January 3 6:03 pm Delivered, Garage or Other Location at Address in BARRE, VT, date: 03-01-2022 23:03",iFulfill Warehouse
7863600755982,9405511107984887772892,USPS,29-12-2021 23:54,03-01-2022 13:08,"Status: delivered: Description: January 3 8:08 am Delivered, Front Door/Porch in BRISTOL, VA, date: 03-01-2022 13:08",iFulfill Warehouse
6863599279568,9405511107984887880047,USPS,29-12-2021 23:24,03-01-2022 20:01,"Status: delivered: Description: January 3 3:01 pm Delivered, Front Door/Porch in MARINE CITY, MI, date: 03-01-2022 20:01",iFulfill Warehouse
7863600902978,9405511107984888623094,USPS,30-12-2021 02:06,03-01-2022 15:51,"Status: delivered: Description: January 3 10:51 am Delivered, In/At Mailbox in AMHERST, NH, date: 03-01-2022 15:51",iFulfill Warehouse
7863600687270,9405511107984888675383,USPS,30-12-2021 02:04,02-01-2022 15:24,"Status: delivered: Description: January 2 10:24 am Delivered, Front Door/Porch in NORTH STONINGTON, CT, date: 02-01-2022 15:24",iFulfill Warehouse
4870215723304,9405511107984997901625,USPS,24-01-2022 23:01,,"Status: in_transit: Description: January 26 4:24 am Departed USPS Regional Facility in SEMINOLE-ORLANDO FL DISTRIBUTION CENTER, date: 26-01-2022 09:24",iFulfill Warehouse
1870093810141,9405511107984997935422,USPS,24-01-2022 22:57,,"Status: in_transit: Description: January 25 8:18 pm Arrived at USPS Regional Destination Facility in COLUMBUS OH DISTRIBUTION CENTER, date: 26-01-2022 01:18",iFulfill Warehouse
3870199887565,9405511107984998397434,USPS,24-01-2022 23:14,,"Status: in_transit: Description: January 26 5:19 am Departed USPS Regional Facility in WILMINGTON DE DISTRIBUTION CENTER, date: 26-01-2022 10:19",iFulfill Warehouse
3870151505062,9449011107984511025294,USPS,20-01-2022 02:34,,"Status: in_transit: Description: January 25 10:39 pm Departed USPS Regional Facility in DES MOINES IA NETWORK DISTRIBUTION CENTER, date: 26-01-2022 03:39",Hardway Warehouse
3870153078615,9449011107984511286527,USPS,20-01-2022 03:21,,"Status: in_transit: Description: January 25 11:59 pm Arrived at USPS Regional Origin Facility in CHICAGO IL NETWORK DISTRIBUTION CENTER, date: 26-01-2022 04:59",Hardway Warehouse
3870153028650,9449011107984511837255,USPS,20-01-2022 02:42,,"Status: in_transit: Description: January 25 5:46 pm Departed USPS Regional Facility in DES MOINES IA NETWORK DISTRIBUTION CENTER, date: 25-01-2022 22:46",Hardway Warehouse
3870164627985,9449011107984511849180,USPS,20-01-2022 02:45,,"Status: in_transit: Description: January 26 12:14 am Departed USPS Regional Facility in DES MOINES IA NETWORK DISTRIBUTION CENTER, date: 26-01-2022 05:14",Hardway Warehouse
3870177217058,9449011107984517074265,USPS,19-01-2022 20:50,24-01-2022 19:32,"Status: delivered: Description: January 24 2:32 pm Delivered, In/At Mailbox in TEMPE, AZ, date: 24-01-2022 19:32",Hardway Warehouse
2870149348511,9449011107984517390068,USPS,19-01-2022 21:06,24-01-2022 17:44,"Status: delivered: Description: January 24 12:44 pm Delivered, Front Door/Porch in SAN DIEGO, CA, date: 24-01-2022 17:44",Hardway Warehouse
2870149348511,9449011107984517390068,USPS,19-01-2022 21:06,24-01-2022 17:44,"Status: delivered: Description: January 24 12:44 pm Delivered, Front Door/Porch in SAN DIEGO, CA, date: 24-01-2022 17:44",Hardway Warehouse
3870164276173,9449011107984517422639,USPS,19-01-2022 21:40,22-01-2022 17:03,"Status: delivered: Description: January 22 12:03 pm Delivered, In/At Mailbox in DENVER, CO, date: 22-01-2022 17:03",Hardway Warehouse
3870163433459,9449011107984517474966,USPS,19-01-2022 21:39,24-01-2022 20:28,"Status: delivered: Description: January 24 3:28 pm Delivered, In/At Mailbox in MIDLAND, TX, date: 24-01-2022 20:28",Hardway Warehouse
2870157126055,9449011107984517763312,USPS,19-01-2022 21:29,22-01-2022 14:38,"Status: delivered: Description: January 22 9:38 am Delivered, In/At Mailbox in HOWELL, MI, date: 22-01-2022 14:38",Hardway Warehouse
6863599955271,9449011107984869494544,USPS,28-12-2021 19:01,11-01-2022 13:38,"Status: delivered: Description: January 11 8:38 am Delivered, PO Box in WILLOW CREEK, MT, date: 11-01-2022 13:38",Hardway Warehouse
7863611177549,9449011107984888601503,USPS,30-12-2021 02:13,05-01-2022 16:16,"Status: delivered: Description: January 5 11:16 am Delivered, In/At Mailbox in BIG BEAR CITY, CA, date: 05-01-2022 16:16",Hardway Warehouse
7863613427172,9449011107984888684872,USPS,30-12-2021 02:10,03-01-2022 19:45,"Status: delivered: Description: January 3 2:45 pm Delivered, Front Door/Porch in LA MIRADA, CA, date: 03-01-2022 19:45",Hardway Warehouse
3870189106489,9449011107984927145074,USPS,22-01-2022 23:33,,"Status: pre_transit: Description: January 22 6:33 pm Shipping Label Created, USPS Awaiting Item in HOMER GLEN, IL, date: 22-01-2022 23:33",Hardway Warehouse
3870162654256,9449011107984927422007,USPS,23-01-2022 00:28,,"Status: in_transit: Description: January 25 11:51 pm Arrived at USPS Regional Origin Facility in CHICAGO IL NETWORK DISTRIBUTION CENTER, date: 26-01-2022 04:51",Hardway Warehouse
3870187929728,9449011107984927450024,USPS,23-01-2022 00:33,,"Status: in_transit: Description: January 26 12:13 am Arrived at USPS Regional Origin Facility in CHICAGO IL NETWORK DISTRIBUTION CENTER, date: 26-01-2022 05:13",Hardway Warehouse
3870176828999,9449011107984927497586,USPS,23-01-2022 00:26,,"Status: in_transit: Description: January 25 11:52 pm Arrived at USPS Regional Origin Facility in CHICAGO IL NETWORK DISTRIBUTION CENTER, date: 26-01-2022 04:52",Hardway Warehouse
3870187867486,9461211107984511303084,USPS,20-01-2022 03:08,,"Status: in_transit: Description: January 25 5:46 pm Departed USPS Regional Facility in DES MOINES IA NETWORK DISTRIBUTION CENTER, date: 25-01-2022 22:46",Hardway Warehouse
3870177220661,9461211107984511522898,USPS,20-01-2022 03:32,,"Status: in_transit: Description: January 25 11:59 pm Departed USPS Regional Origin Facility in CHICAGO IL NETWORK DISTRIBUTION CENTER, date: 26-01-2022 04:59",Hardway Warehouse
3870188404592,9461211107984511892908,USPS,20-01-2022 02:47,,"Status: pre_transit: Description: January 19 9:47 pm Shipping Label Created, USPS Awaiting Item in HOMER GLEN, IL, date: 20-01-2022 02:47",Hardway Warehouse
3870164698107,9461211107984517404518,USPS,19-01-2022 21:42,25-01-2022 15:44,"Status: delivered: Description: January 25 10:44 am Delivered, Front Door/Porch in LEETON, MO, date: 25-01-2022 15:44",Hardway Warehouse
3870153096651,9461211107984517745673,USPS,19-01-2022 21:26,24-01-2022 15:59,"Status: delivered: Description: January 24 10:59 am Delivered, In/At Mailbox in LAS VEGAS, NV, date: 24-01-2022 15:59",Hardway Warehouse
7863636776326,9461211107984520123178,USPS,08-01-2022 00:44,,"Status: in_transit: Description: January 26 4:24 am Arrived at USPS Regional Origin Facility in CHICAGO IL NETWORK DISTRIBUTION CENTER, date: 26-01-2022 09:24",Hardway Warehouse
7863636582470,9461211107984520180164,USPS,08-01-2022 00:47,19-01-2022 18:49,"Status: delivered: Description: January 19 1:49 pm Delivered, Front Door/Porch in KINGMAN, KS, date: 19-01-2022 18:49",Hardway Warehouse
6863598639672,9461211107984860513288,USPS,28-12-2021 23:08,07-01-2022 15:48,"Status: delivered: Description: January 7 10:48 am Delivered, In/At Mailbox in HONOR, MI, date: 07-01-2022 15:48",Hardway Warehouse
6863598841919,9461211107984864056729,USPS,28-12-2021 19:26,07-01-2022 17:43,"Status: delivered: Description: January 7 12:43 pm Delivered, Parcel Locker in DENTON, TX, date: 07-01-2022 17:43",Hardway Warehouse
7863647860327,9461211107984871211593,USPS,04-01-2022 20:29,18-01-2022 14:58,"Status: delivered: Description: January 18 9:58 am Delivered, PO Box in ETHEL, WA, date: 18-01-2022 14:58",iFulfill Warehouse
6863599599400,9461211107984884022636,USPS,29-12-2021 21:55,04-01-2022 15:14,"Status: delivered: Description: January 4 10:14 am Delivered, Left with Individual in COLLINS, MS, date: 04-01-2022 15:14",Hardway Warehouse
